CREATE DATABASE  IF NOT EXISTS `smarth20` /*!40100 DEFAULT CHARACTER SET latin1 */;
USE `smarth20`;
-- MySQL dump 10.13  Distrib 5.7.17, for macos10.12 (x86_64)
--
-- Host: 127.0.0.1    Database: smarth20
-- ------------------------------------------------------
-- Server version	5.7.21

/*!40101 SET @OLD_CHARACTER_SET_CLIENT=@@CHARACTER_SET_CLIENT */;
/*!40101 SET @OLD_CHARACTER_SET_RESULTS=@@CHARACTER_SET_RESULTS */;
/*!40101 SET @OLD_COLLATION_CONNECTION=@@COLLATION_CONNECTION */;
/*!40101 SET NAMES utf8 */;
/*!40103 SET @OLD_TIME_ZONE=@@TIME_ZONE */;
/*!40103 SET TIME_ZONE='+00:00' */;
/*!40014 SET @OLD_UNIQUE_CHECKS=@@UNIQUE_CHECKS, UNIQUE_CHECKS=0 */;
/*!40014 SET @OLD_FOREIGN_KEY_CHECKS=@@FOREIGN_KEY_CHECKS, FOREIGN_KEY_CHECKS=0 */;
/*!40101 SET @OLD_SQL_MODE=@@SQL_MODE, SQL_MODE='NO_AUTO_VALUE_ON_ZERO' */;
/*!40111 SET @OLD_SQL_NOTES=@@SQL_NOTES, SQL_NOTES=0 */;

--
-- Table structure for table `baseline`
--

DROP TABLE IF EXISTS `baseline`;
/*!40101 SET @saved_cs_client     = @@character_set_client */;
/*!40101 SET character_set_client = utf8 */;
CREATE TABLE `baseline` (
  `oid` int(11) NOT NULL AUTO_INCREMENT,
  `smart_meter_id` varchar(255) DEFAULT NULL,
  `smart_meter_oid` int(11) DEFAULT NULL,
  `total_consumption` decimal(19,3) DEFAULT NULL,
  `year` year(4) DEFAULT NULL,
  PRIMARY KEY (`oid`),
  KEY `fk_baseline_smart_meter` (`smart_meter_oid`),
  CONSTRAINT `fk_baseline_smart_meter` FOREIGN KEY (`smart_meter_oid`) REFERENCES `smart_meter` (`oid`)
) ENGINE=InnoDB AUTO_INCREMENT=1197 DEFAULT CHARSET=utf8;
/*!40101 SET character_set_client = @saved_cs_client */;

--
-- Dumping data for table `baseline`
--

LOCK TABLES `baseline` WRITE;
/*!40000 ALTER TABLE `baseline` DISABLE KEYS */;
INSERT INTO `baseline` VALUES (689,'CH_AQU_50991815',193,2.000,2013),(690,'CH_AQU_50991921',117,0.000,2013),(691,'CH_AQU_50991902',199,0.000,2013),(692,'CH_AQU_50991967',25,2.000,2013),(693,'CH_AQU_50991833',145,30.000,2013),(694,'CH_AQU_50991793',92,4.000,2013),(695,'CH_AQU_50991836',229,NULL,2013),(696,'CH_AQU_50991994',66,NULL,2013),(697,'CH_AQU_47858052',180,NULL,2013),(698,'CH_AQU_50991884',271,1.000,2013),(699,'CH_AQU_50991777',211,5.000,2013),(700,'CH_AQU_50991932',319,NULL,2013),(701,'CH_AQU_47858063',184,NULL,2013),(702,'CH_AQU_50991832',227,10.000,2013),(703,'CH_AQU_50991812',95,13.000,2013),(704,'CH_AQU_47858056',182,NULL,2013),(705,'CH_AQU_50991838',101,13.000,2013),(706,'CH_AQU_50991842',245,NULL,2013),(707,'CH_AQU_47858037',239,NULL,2013),(708,'CH_AQU_50991908',254,33.000,2013),(709,'CH_AQU_50991802',213,21.000,2013),(710,'CH_AQU_50991789',308,37.000,2013),(711,'CH_AQU_50992011',74,15.000,2013),(712,'CH_AQU_50991813',243,28.000,2013),(713,'CH_AQU_50991822',282,NULL,2013),(714,'CH_AQU_50992057',279,0.000,2013),(715,'CH_AQU_50992049',165,14.000,2013),(716,'CH_AQU_50991848',103,111.000,2013),(717,'CH_AQU_50991983',62,40.000,2013),(718,'CH_AQU_50991767',123,NULL,2013),(719,'CH_AQU_50991946',169,41.000,2013),(720,'CH_AQU_50992045',40,40.000,2013),(721,'CH_AQU_50991772',186,51.000,2013),(722,'CH_AQU_50991825',208,61.000,2013),(723,'CH_AQU_50991874',270,37.000,2013),(724,'CH_AQU_50991843',194,NULL,2013),(725,'CH_AQU_50991837',100,55.000,2013),(726,'CH_AQU_47858047',179,95.000,2013),(727,'CH_AQU_50991869',197,57.000,2013),(728,'CH_AQU_50991958',20,55.000,2013),(729,'CH_AQU_50991951',17,642.000,2013),(730,'CH_AQU_50991990',125,NULL,2013),(731,'CH_AQU_50991816',96,121.000,2013),(732,'CH_AQU_50991775',187,38.000,2013),(733,'CH_AQU_47858062',183,34.000,2013),(734,'CH_AQU_47858045',299,57.000,2013),(735,'CH_AQU_50991768',268,0.000,2013),(736,'CH_AQU_47858022',293,81.000,2013),(737,'CH_AQU_50991997',177,58.000,2013),(738,'CH_AQU_50992062',166,83.000,2013),(739,'CH_AQU_50991947',130,114.000,2013),(740,'CH_AQU_50991845',249,NULL,2013),(741,'CH_AQU_50991765',230,NULL,2013),(742,'CH_AQU_50992004',70,96.000,2013),(743,'CH_AQU_50991862',252,100.000,2013),(744,'CH_AQU_50991917',115,86.000,2013),(745,'CH_AQU_50991857',289,72.000,2013),(746,'CH_AQU_50992016',83,NULL,2013),(747,'CH_AQU_50991811',275,45.000,2013),(748,'CH_AQU_50992010',147,95.000,2013),(749,'CH_AQU_47858032',178,89.000,2013),(750,'CH_AQU_50991896',277,NULL,2013),(751,'CH_AQU_50992040',37,90.000,2013),(752,'CH_AQU_50992024',30,NULL,2013),(753,'CH_AQU_50991920',116,92.000,2013),(754,'CH_AQU_50991763',241,90.000,2013),(755,'CH_AQU_50991817',242,99.000,2013),(756,'CH_AQU_50991758',121,109.000,2013),(757,'CH_AQU_50991882',217,183.000,2013),(758,'CH_AQU_50991798',94,165.000,2013),(759,'CH_AQU_50991956',19,118.000,2013),(760,'CH_AQU_50991788',190,NULL,2013),(761,'CH_AQU_50992002',69,272.000,2013),(762,'CH_AQU_50992008',72,145.000,2013),(763,'CH_AQU_50992001',68,166.000,2013),(764,'CH_AQU_50991933',12,138.000,2013),(765,'CH_AQU_50991883',4,139.000,2013),(766,'CH_AQU_50992000',278,136.000,2013),(767,'CH_AQU_50991792',244,131.000,2013),(768,'CH_AQU_50991978',60,165.000,2013),(769,'CH_AQU_50992005',140,NULL,2013),(770,'CH_AQU_50991922',253,126.000,2013),(771,'CH_AQU_50991982',61,107.000,2013),(772,'CH_AQU_50992037',247,132.000,2013),(773,'CH_AQU_47858020',303,223.000,2013),(774,'CH_AQU_50991925',236,NULL,2013),(775,'CH_AQU_50991926',122,120.000,2013),(776,'CH_AQU_47858019',295,137.000,2013),(777,'CH_AQU_47858049',298,NULL,2013),(778,'CH_AQU_50991996',232,134.000,2013),(779,'CH_AQU_50991887',105,154.000,2013),(780,'CH_AQU_50991938',14,147.000,2013),(781,'CH_AQU_50991985',63,136.000,2013),(782,'CH_AQU_50991972',56,NULL,2013),(783,'CH_AQU_50991841',290,167.000,2013),(784,'CH_AQU_50991860',196,78.000,2013),(785,'CH_AQU_50991835',99,146.000,2013),(786,'CH_AQU_47858053',291,207.000,2013),(787,'CH_AQU_50991976',172,520.000,2013),(788,'CH_AQU_47858029',176,148.000,2013),(789,'CH_AQU_50992033',162,355.000,2013),(790,'CH_AQU_50991945',206,172.000,2013),(791,'CH_AQU_50992025',31,214.000,2013),(792,'CH_AQU_47858054',181,151.000,2013),(793,'CH_AQU_50991897',9,15.000,2013),(794,'CH_AQU_50992012',149,120.000,2013),(795,'CH_AQU_50991948',16,162.000,2013),(796,'CH_AQU_50992021',27,152.000,2013),(797,'CH_AQU_50991867',264,258.000,2013),(798,'CH_AQU_47858050',81,136.000,2013),(799,'CH_AQU_50991971',55,NULL,2013),(800,'CH_AQU_50992027',32,161.000,2013),(801,'CH_AQU_50992046',231,129.000,2013),(802,'CH_AQU_50991873',309,140.000,2013),(803,'CH_AQU_50991984',314,176.000,2013),(804,'CH_AQU_50991889',280,166.000,2013),(805,'CH_AQU_47858028',297,837.000,2013),(806,'CH_AQU_50991934',203,112.000,2013),(807,'CH_AQU_50991849',1,108.000,2013),(808,'CH_AQU_50992006',143,269.000,2013),(809,'CH_AQU_50992013',76,146.000,2013),(810,'CH_AQU_50991999',131,NULL,2013),(811,'CH_AQU_50991914',114,201.000,2013),(812,'CH_AQU_50991993',246,166.000,2013),(813,'CH_AQU_50991988',174,NULL,2013),(814,'CH_AQU_50991953',276,279.000,2013),(815,'CH_AQU_50991799',132,182.000,2013),(816,'CH_AQU_50992032',306,189.000,2013),(817,'CH_AQU_47858058',82,NULL,2013),(818,'CH_AQU_50991974',110,170.000,2013),(819,'CH_AQU_50991923',118,0.000,2013),(820,'CH_AQU_50991824',98,210.000,2013),(821,'CH_AQU_50991995',233,192.000,2013),(822,'CH_AQU_50991941',205,NULL,2013),(823,'CH_AQU_50991942',127,152.000,2013),(824,'CH_AQU_47858061',294,207.000,2013),(825,'CH_AQU_50992059',48,228.000,2013),(826,'CH_AQU_50991979',173,92.000,2013),(827,'CH_AQU_50991819',307,232.000,2013),(828,'CH_AQU_50991795',128,NULL,2013),(829,'CH_AQU_50991991',175,225.000,2013),(830,'CH_AQU_50991992',126,242.000,2013),(831,'CH_AQU_50991834',274,188.000,2013),(832,'CH_AQU_50991762',88,207.000,2013),(833,'CH_AQU_50992048',250,0.000,2013),(834,'CH_AQU_50992023',29,NULL,2013),(835,'CH_AQU_47858036',267,225.000,2013),(836,'CH_AQU_47858057',296,253.000,2013),(837,'CH_AQU_50991814',257,299.000,2013),(838,'CH_AQU_50991919',201,100.000,2013),(839,'CH_AQU_50991888',5,NULL,2013),(840,'CH_AQU_50991868',216,271.000,2013),(841,'CH_AQU_50991769',185,160.000,2013),(842,'CH_AQU_50992060',151,264.000,2013),(843,'CH_AQU_50991954',18,299.000,2013),(844,'CH_AQU_50992055',45,246.000,2013),(845,'CH_AQU_47858041',240,168.000,2013),(846,'CH_AQU_47858043',221,219.000,2013),(847,'CH_AQU_50992039',292,266.000,2013),(848,'CH_AQU_50991890',6,301.000,2013),(849,'CH_AQU_50991839',312,218.000,2013),(850,'CH_AQU_50992061',49,242.000,2013),(851,'CH_AQU_50991912',113,227.000,2013),(852,'CH_AQU_47858064',255,187.000,2013),(853,'CH_AQU_50991957',305,338.000,2013),(854,'CH_AQU_50991975',58,438.000,2013),(855,'CH_AQU_50991859',195,206.000,2013),(856,'CH_AQU_50991916',200,206.000,2013),(857,'CH_AQU_50991965',23,162.000,2013),(858,'CH_AQU_50991924',11,335.000,2013),(859,'CH_AQU_47858048',269,217.000,2013),(860,'CH_AQU_50992003',137,285.000,2013),(861,'CH_AQU_50991918',310,155.000,2013),(862,'CH_AQU_47858042',265,252.000,2013),(863,'CH_AQU_50991866',2,270.000,2013),(864,'CH_AQU_50991840',215,255.000,2013),(865,'CH_AQU_50991864',313,277.000,2013),(866,'CH_AQU_50991858',259,325.000,2013),(867,'CH_AQU_50992031',34,306.000,2013),(868,'CH_AQU_50991761',155,366.000,2013),(869,'CH_AQU_50991960',171,NULL,2013),(870,'CH_AQU_50991987',64,524.000,2013),(871,'CH_AQU_50991961',158,200.000,2013),(872,'CH_AQU_50992017',287,NULL,2013),(873,'CH_AQU_50991964',22,315.000,2013),(874,'CH_AQU_47858046',251,280.000,2013),(875,'CH_AQU_50991943',129,315.000,2013),(876,'CH_AQU_50991928',202,NULL,2013),(877,'CH_AQU_47858059',84,249.000,2013),(878,'CH_AQU_50991977',59,425.000,2013),(879,'CH_AQU_50992043',39,297.000,2013),(880,'CH_AQU_50992041',38,312.000,2013),(881,'CH_AQU_50992036',35,506.000,2013),(882,'CH_AQU_50991955',170,271.000,2013),(883,'CH_AQU_50991807',214,199.000,2013),(884,'CH_AQU_47858033',256,337.000,2013),(885,'CH_AQU_50991800',192,497.000,2013),(886,'CH_AQU_50992038',36,465.000,2013),(887,'CH_AQU_50991913',10,NULL,2013),(888,'CH_AQU_50991773',90,382.000,2013),(889,'CH_AQU_50991818',97,367.000,2013),(890,'CH_AQU_50992042',164,384.000,2013),(891,'CH_AQU_50991952',138,345.000,2013),(892,'CH_AQU_50992908',153,288.000,2013),(893,'CH_AQU_51080363',228,0.000,2013),(894,'CH_AQU_50991915',263,373.000,2013),(895,'CH_AQU_50991968',26,432.000,2013),(896,'CH_AQU_51080360',156,378.000,2013),(897,'CH_AQU_50991827',209,485.000,2013),(898,'CH_AQU_50991871',3,400.000,2013),(899,'CH_AQU_50992029',33,304.000,2013),(900,'CH_AQU_50992022',28,487.000,2013),(901,'CH_AQU_47858039',288,378.000,2013),(902,'CH_AQU_50991940',260,414.000,2013),(903,'CH_AQU_50991891',198,281.000,2013),(904,'CH_AQU_50991885',218,179.000,2013),(905,'CH_AQU_50991966',24,480.000,2013),(906,'CH_AQU_50991950',136,776.000,2013),(907,'CH_AQU_50991936',13,391.000,2013),(908,'CH_AQU_50991963',146,NULL,2013),(909,'CH_AQU_50992056',46,483.000,2013),(910,'CH_AQU_50991770',238,389.000,2013),(911,'CH_AQU_47858017',75,NULL,2013),(912,'CH_AQU_50992913',167,959.000,2013),(913,'CH_AQU_50991911',273,386.000,2013),(914,'CH_AQU_50991910',112,554.000,2013),(915,'CH_AQU_50992018',281,377.000,2013),(916,'CH_AQU_50992020',87,583.000,2013),(917,'CH_AQU_50991973',57,NULL,2013),(918,'CH_AQU_50991790',191,NULL,2013),(919,'CH_AQU_47858031',107,588.000,2013),(920,'CH_AQU_50991803',248,274.000,2013),(921,'CH_AQU_50991998',67,560.000,2013),(922,'CH_AQU_50991855',304,640.000,2013),(923,'CH_AQU_50991949',135,635.000,2013),(924,'CH_AQU_50991935',234,NULL,2013),(925,'CH_AQU_50991787',189,674.000,2013),(926,'CH_AQU_50991962',21,625.000,2013),(927,'CH_AQU_50992051',41,633.000,2013),(928,'CH_AQU_50991986',161,843.000,2013),(929,'CH_AQU_47858066',120,510.000,2013),(930,'CH_AQU_50992911',154,803.000,2013),(931,'CH_AQU_50992906',152,931.000,2013),(932,'CH_AQU_50991791',212,619.000,2013),(933,'CH_AQU_50991865',258,584.000,2013),(934,'CH_AQU_50991872',104,761.000,2013),(935,'CH_AQU_50991944',219,607.000,2013),(936,'CH_AQU_51226892',223,798.000,2013),(937,'CH_AQU_50991937',204,750.000,2013),(938,'CH_AQU_50991821',142,342.000,2013),(939,'CH_AQU_50991771',210,1205.000,2013),(940,'CH_AQU_51226893',224,2352.000,2013),(941,'CH_AQU_50991778',188,NULL,2013),(942,'CH_AQU_50992007',311,277.000,2013),(943,'CH_AQU_50991815',193,0.000,2014),(944,'CH_AQU_50991921',117,0.000,2014),(945,'CH_AQU_50991902',199,0.000,2014),(946,'CH_AQU_50991967',25,1.000,2014),(947,'CH_AQU_50991833',145,1.000,2014),(948,'CH_AQU_50991793',92,3.000,2014),(949,'CH_AQU_50991836',229,4.000,2014),(950,'CH_AQU_50991994',66,4.000,2014),(951,'CH_AQU_47858052',180,4.000,2014),(952,'CH_AQU_50991884',271,4.000,2014),(953,'CH_AQU_50991777',211,5.000,2014),(954,'CH_AQU_50991932',319,6.000,2014),(955,'CH_AQU_47858063',184,8.000,2014),(956,'CH_AQU_50991832',227,8.000,2014),(957,'CH_AQU_50991812',95,11.000,2014),(958,'CH_AQU_47858056',182,13.000,2014),(959,'CH_AQU_50991838',101,13.000,2014),(960,'CH_AQU_50991842',245,14.000,2014),(961,'CH_AQU_47858037',239,17.000,2014),(962,'CH_AQU_50991908',254,19.000,2014),(963,'CH_AQU_50991802',213,20.000,2014),(964,'CH_AQU_50991789',308,21.000,2014),(965,'CH_AQU_50992011',74,23.000,2014),(966,'CH_AQU_50991813',243,24.000,2014),(967,'CH_AQU_50991822',282,24.000,2014),(968,'CH_AQU_50992057',279,26.000,2014),(969,'CH_AQU_50992049',165,29.000,2014),(970,'CH_AQU_50991848',103,30.000,2014),(971,'CH_AQU_50991983',62,30.000,2014),(972,'CH_AQU_50991767',123,31.000,2014),(973,'CH_AQU_50991946',169,32.000,2014),(974,'CH_AQU_50992045',40,34.000,2014),(975,'CH_AQU_50991772',186,34.000,2014),(976,'CH_AQU_50991825',208,36.000,2014),(977,'CH_AQU_50991874',270,36.000,2014),(978,'CH_AQU_50991843',194,40.000,2014),(979,'CH_AQU_50991837',100,41.000,2014),(980,'CH_AQU_47858047',179,41.000,2014),(981,'CH_AQU_50991869',197,42.000,2014),(982,'CH_AQU_50991958',20,46.000,2014),(983,'CH_AQU_50991951',17,48.000,2014),(984,'CH_AQU_50991990',125,49.000,2014),(985,'CH_AQU_50991816',96,50.000,2014),(986,'CH_AQU_50991775',187,53.000,2014),(987,'CH_AQU_47858062',183,53.000,2014),(988,'CH_AQU_47858045',299,54.000,2014),(989,'CH_AQU_50991768',268,56.000,2014),(990,'CH_AQU_47858022',293,56.000,2014),(991,'CH_AQU_50991997',177,57.000,2014),(992,'CH_AQU_50992062',166,57.000,2014),(993,'CH_AQU_50991947',130,57.000,2014),(994,'CH_AQU_50991845',249,58.000,2014),(995,'CH_AQU_50991765',230,60.000,2014),(996,'CH_AQU_50992004',70,62.000,2014),(997,'CH_AQU_50991862',252,63.000,2014),(998,'CH_AQU_50991917',115,64.000,2014),(999,'CH_AQU_50991857',289,64.000,2014),(1000,'CH_AQU_50992016',83,66.000,2014),(1001,'CH_AQU_50991811',275,66.000,2014),(1002,'CH_AQU_50992010',147,68.000,2014),(1003,'CH_AQU_47858032',178,70.000,2014),(1004,'CH_AQU_50991896',277,72.000,2014),(1005,'CH_AQU_50992040',37,73.000,2014),(1006,'CH_AQU_50992024',30,81.000,2014),(1007,'CH_AQU_50991920',116,82.000,2014),(1008,'CH_AQU_50991763',241,83.000,2014),(1009,'CH_AQU_50991817',242,85.000,2014),(1010,'CH_AQU_50991758',121,86.000,2014),(1011,'CH_AQU_50991882',217,87.000,2014),(1012,'CH_AQU_50991798',94,89.000,2014),(1013,'CH_AQU_50991956',19,92.000,2014),(1014,'CH_AQU_50991788',190,93.000,2014),(1015,'CH_AQU_50992002',69,93.000,2014),(1016,'CH_AQU_50992008',72,95.000,2014),(1017,'CH_AQU_50992001',68,96.000,2014),(1018,'CH_AQU_50991933',12,96.000,2014),(1019,'CH_AQU_50991883',4,101.000,2014),(1020,'CH_AQU_50992000',278,103.000,2014),(1021,'CH_AQU_50991792',244,103.000,2014),(1022,'CH_AQU_50991978',60,106.000,2014),(1023,'CH_AQU_50992005',140,106.000,2014),(1024,'CH_AQU_50991922',253,106.000,2014),(1025,'CH_AQU_50991982',61,106.000,2014),(1026,'CH_AQU_50992037',247,107.000,2014),(1027,'CH_AQU_47858020',303,107.000,2014),(1028,'CH_AQU_50991925',236,110.000,2014),(1029,'CH_AQU_50991926',122,111.000,2014),(1030,'CH_AQU_47858019',295,111.000,2014),(1031,'CH_AQU_47858049',298,114.000,2014),(1032,'CH_AQU_50991996',232,115.000,2014),(1033,'CH_AQU_50991887',105,115.000,2014),(1034,'CH_AQU_50991938',14,115.000,2014),(1035,'CH_AQU_50991985',63,117.000,2014),(1036,'CH_AQU_50991972',56,118.000,2014),(1037,'CH_AQU_50991841',290,119.000,2014),(1038,'CH_AQU_50991860',196,120.000,2014),(1039,'CH_AQU_50991835',99,121.000,2014),(1040,'CH_AQU_47858053',291,121.000,2014),(1041,'CH_AQU_50991976',172,121.000,2014),(1042,'CH_AQU_47858029',176,121.000,2014),(1043,'CH_AQU_50992033',162,122.000,2014),(1044,'CH_AQU_50991945',206,122.000,2014),(1045,'CH_AQU_50992025',31,122.000,2014),(1046,'CH_AQU_47858054',181,123.000,2014),(1047,'CH_AQU_50991897',9,123.000,2014),(1048,'CH_AQU_50992012',149,123.000,2014),(1049,'CH_AQU_50991948',16,123.000,2014),(1050,'CH_AQU_50992021',27,125.000,2014),(1051,'CH_AQU_50991867',264,125.000,2014),(1052,'CH_AQU_47858050',81,125.000,2014),(1053,'CH_AQU_50991971',55,125.000,2014),(1054,'CH_AQU_50992027',32,125.000,2014),(1055,'CH_AQU_50992046',231,127.000,2014),(1056,'CH_AQU_50991873',309,128.000,2014),(1057,'CH_AQU_50991984',314,128.000,2014),(1058,'CH_AQU_50991889',280,129.000,2014),(1059,'CH_AQU_47858028',297,130.000,2014),(1060,'CH_AQU_50991934',203,134.000,2014),(1061,'CH_AQU_50991849',1,136.000,2014),(1062,'CH_AQU_50992006',143,136.000,2014),(1063,'CH_AQU_50992013',76,138.000,2014),(1064,'CH_AQU_50991999',131,139.000,2014),(1065,'CH_AQU_50991914',114,142.000,2014),(1066,'CH_AQU_50991993',246,144.000,2014),(1067,'CH_AQU_50991988',174,147.000,2014),(1068,'CH_AQU_50991953',276,150.000,2014),(1069,'CH_AQU_50991799',132,150.000,2014),(1070,'CH_AQU_50992032',306,155.000,2014),(1071,'CH_AQU_47858058',82,158.000,2014),(1072,'CH_AQU_50991974',110,159.000,2014),(1073,'CH_AQU_50991923',118,161.000,2014),(1074,'CH_AQU_50991824',98,161.000,2014),(1075,'CH_AQU_50991995',233,162.000,2014),(1076,'CH_AQU_50991941',205,166.000,2014),(1077,'CH_AQU_50991942',127,166.000,2014),(1078,'CH_AQU_47858061',294,167.000,2014),(1079,'CH_AQU_50992059',48,170.000,2014),(1080,'CH_AQU_50991979',173,173.000,2014),(1081,'CH_AQU_50991819',307,174.000,2014),(1082,'CH_AQU_50991795',128,176.000,2014),(1083,'CH_AQU_50991991',175,176.000,2014),(1084,'CH_AQU_50991992',126,176.000,2014),(1085,'CH_AQU_50991834',274,177.000,2014),(1086,'CH_AQU_50991762',88,178.000,2014),(1087,'CH_AQU_50992048',250,180.000,2014),(1088,'CH_AQU_50992023',29,182.000,2014),(1089,'CH_AQU_47858036',267,184.000,2014),(1090,'CH_AQU_47858057',296,186.000,2014),(1091,'CH_AQU_50991814',257,187.000,2014),(1092,'CH_AQU_50991919',201,188.000,2014),(1093,'CH_AQU_50991888',5,190.000,2014),(1094,'CH_AQU_50991868',216,192.000,2014),(1095,'CH_AQU_50991769',185,194.000,2014),(1096,'CH_AQU_50992060',151,194.000,2014),(1097,'CH_AQU_50991954',18,196.000,2014),(1098,'CH_AQU_50992055',45,196.000,2014),(1099,'CH_AQU_47858041',240,198.000,2014),(1100,'CH_AQU_47858043',221,199.000,2014),(1101,'CH_AQU_50992039',292,199.000,2014),(1102,'CH_AQU_50991890',6,199.000,2014),(1103,'CH_AQU_50991839',312,201.000,2014),(1104,'CH_AQU_50992061',49,206.000,2014),(1105,'CH_AQU_50991912',113,206.000,2014),(1106,'CH_AQU_47858064',255,207.000,2014),(1107,'CH_AQU_50991957',305,208.000,2014),(1108,'CH_AQU_50991975',58,209.000,2014),(1109,'CH_AQU_50991859',195,213.000,2014),(1110,'CH_AQU_50991916',200,213.000,2014),(1111,'CH_AQU_50991965',23,215.000,2014),(1112,'CH_AQU_50991924',11,215.000,2014),(1113,'CH_AQU_47858048',269,217.000,2014),(1114,'CH_AQU_50992003',137,219.000,2014),(1115,'CH_AQU_50991918',310,219.000,2014),(1116,'CH_AQU_47858042',265,220.000,2014),(1117,'CH_AQU_50991866',2,220.000,2014),(1118,'CH_AQU_50991840',215,221.000,2014),(1119,'CH_AQU_50991864',313,223.000,2014),(1120,'CH_AQU_50991858',259,224.000,2014),(1121,'CH_AQU_50992031',34,224.000,2014),(1122,'CH_AQU_50991761',155,226.000,2014),(1123,'CH_AQU_50991960',171,229.000,2014),(1124,'CH_AQU_50991987',64,234.000,2014),(1125,'CH_AQU_50991961',158,236.000,2014),(1126,'CH_AQU_50992017',287,248.000,2014),(1127,'CH_AQU_50991964',22,248.000,2014),(1128,'CH_AQU_47858046',251,253.000,2014),(1129,'CH_AQU_50991943',129,254.000,2014),(1130,'CH_AQU_50991928',202,261.000,2014),(1131,'CH_AQU_47858059',84,269.000,2014),(1132,'CH_AQU_50991977',59,270.000,2014),(1133,'CH_AQU_50992043',39,270.000,2014),(1134,'CH_AQU_50992041',38,276.000,2014),(1135,'CH_AQU_50992036',35,277.000,2014),(1136,'CH_AQU_50991955',170,280.000,2014),(1137,'CH_AQU_50991807',214,281.000,2014),(1138,'CH_AQU_47858033',256,281.000,2014),(1139,'CH_AQU_50991800',192,286.000,2014),(1140,'CH_AQU_50992038',36,287.000,2014),(1141,'CH_AQU_50991913',10,298.000,2014),(1142,'CH_AQU_50991773',90,298.000,2014),(1143,'CH_AQU_50991818',97,300.000,2014),(1144,'CH_AQU_50992042',164,302.000,2014),(1145,'CH_AQU_50991952',138,303.000,2014),(1146,'CH_AQU_50992908',153,303.000,2014),(1147,'CH_AQU_51080363',228,308.000,2014),(1148,'CH_AQU_50991915',263,309.000,2014),(1149,'CH_AQU_50991968',26,314.000,2014),(1150,'CH_AQU_51080360',156,323.000,2014),(1151,'CH_AQU_50991827',209,324.000,2014),(1152,'CH_AQU_50991871',3,324.000,2014),(1153,'CH_AQU_50992029',33,347.000,2014),(1154,'CH_AQU_50992022',28,350.000,2014),(1155,'CH_AQU_47858039',288,355.000,2014),(1156,'CH_AQU_50991940',260,355.000,2014),(1157,'CH_AQU_50991891',198,367.000,2014),(1158,'CH_AQU_50991885',218,369.000,2014),(1159,'CH_AQU_50991966',24,372.000,2014),(1160,'CH_AQU_50991950',136,374.000,2014),(1161,'CH_AQU_50991936',13,376.000,2014),(1162,'CH_AQU_50991963',146,376.000,2014),(1163,'CH_AQU_50992056',46,383.000,2014),(1164,'CH_AQU_50991770',238,390.000,2014),(1165,'CH_AQU_47858017',75,402.000,2014),(1166,'CH_AQU_50992913',167,402.000,2014),(1167,'CH_AQU_50991911',273,403.000,2014),(1168,'CH_AQU_50991910',112,409.000,2014),(1169,'CH_AQU_50992018',281,409.000,2014),(1170,'CH_AQU_50992020',87,423.000,2014),(1171,'CH_AQU_50991973',57,424.000,2014),(1172,'CH_AQU_50991790',191,426.000,2014),(1173,'CH_AQU_47858031',107,438.000,2014),(1174,'CH_AQU_50991803',248,439.000,2014),(1175,'CH_AQU_50991998',67,443.000,2014),(1176,'CH_AQU_50991855',304,459.000,2014),(1177,'CH_AQU_50991949',135,463.000,2014),(1178,'CH_AQU_50991935',234,466.000,2014),(1179,'CH_AQU_50991787',189,520.000,2014),(1180,'CH_AQU_50991962',21,523.000,2014),(1181,'CH_AQU_50992051',41,529.000,2014),(1182,'CH_AQU_50991986',161,551.000,2014),(1183,'CH_AQU_47858066',120,552.000,2014),(1184,'CH_AQU_50992911',154,619.000,2014),(1185,'CH_AQU_50992906',152,642.000,2014),(1186,'CH_AQU_50991791',212,644.000,2014),(1187,'CH_AQU_50991865',258,652.000,2014),(1188,'CH_AQU_50991872',104,681.000,2014),(1189,'CH_AQU_50991944',219,737.000,2014),(1190,'CH_AQU_51226892',223,864.000,2014),(1191,'CH_AQU_50991937',204,870.000,2014),(1192,'CH_AQU_50991821',142,883.000,2014),(1193,'CH_AQU_50991771',210,894.000,2014),(1194,'CH_AQU_51226893',224,1000.000,2014),(1195,'CH_AQU_50991778',188,1109.000,2014),(1196,'CH_AQU_50992007',311,9492.000,2014);
/*!40000 ALTER TABLE `baseline` ENABLE KEYS */;
UNLOCK TABLES;

--
-- Table structure for table `building`
--

DROP TABLE IF EXISTS `building`;
/*!40101 SET @saved_cs_client     = @@character_set_client */;
/*!40101 SET character_set_client = utf8 */;
CREATE TABLE `building` (
  `oid` int(11) NOT NULL AUTO_INCREMENT,
  `age` int(11) DEFAULT NULL,
  `building_size` decimal(19,2) DEFAULT NULL,
  `address` varchar(255) DEFAULT NULL,
  `district_oid` int(11) DEFAULT NULL,
  PRIMARY KEY (`oid`),
  KEY `fk_building_district` (`district_oid`),
  CONSTRAINT `fk_building_district` FOREIGN KEY (`district_oid`) REFERENCES `district` (`oid`)
) ENGINE=InnoDB AUTO_INCREMENT=494 DEFAULT CHARSET=utf8;
/*!40101 SET character_set_client = @saved_cs_client */;

--
-- Dumping data for table `building`
--

LOCK TABLES `building` WRITE;
/*!40000 ALTER TABLE `building` DISABLE KEYS */;
INSERT INTO `building` VALUES (1,NULL,NULL,NULL,1),(14,30,NULL,'Roncasc 20',1),(15,30,NULL,'via al Scortighèe 10',1),(16,NULL,NULL,NULL,1),(17,NULL,NULL,NULL,1),(18,NULL,NULL,NULL,1),(19,NULL,NULL,NULL,1),(20,NULL,NULL,NULL,1),(21,NULL,NULL,NULL,1),(22,15,200.00,'Via Campagna 15',1),(23,1941,162.00,NULL,1),(24,NULL,NULL,NULL,1),(29,NULL,NULL,NULL,NULL),(30,NULL,NULL,NULL,NULL),(31,NULL,NULL,NULL,NULL),(32,NULL,NULL,NULL,NULL),(33,NULL,NULL,NULL,NULL),(34,NULL,NULL,NULL,NULL),(35,NULL,NULL,NULL,NULL),(36,NULL,NULL,NULL,NULL),(37,15,NULL,'Via Campi grandi di mezzo 1 ',1),(38,NULL,NULL,NULL,NULL),(39,NULL,NULL,NULL,NULL),(40,NULL,NULL,NULL,NULL),(41,NULL,NULL,NULL,NULL),(42,NULL,NULL,NULL,NULL),(43,NULL,NULL,NULL,1),(44,NULL,NULL,NULL,NULL),(45,NULL,NULL,NULL,1),(46,NULL,NULL,NULL,1),(47,NULL,NULL,NULL,NULL),(48,NULL,NULL,NULL,NULL),(49,NULL,NULL,NULL,NULL),(50,NULL,NULL,NULL,NULL),(51,NULL,NULL,NULL,NULL),(52,NULL,NULL,NULL,NULL),(53,NULL,NULL,NULL,NULL),(54,NULL,NULL,NULL,NULL),(55,NULL,NULL,NULL,NULL),(56,NULL,NULL,NULL,NULL),(57,NULL,NULL,NULL,NULL),(58,NULL,NULL,NULL,1),(59,NULL,NULL,NULL,NULL),(60,NULL,NULL,NULL,NULL),(61,NULL,NULL,NULL,NULL),(62,NULL,NULL,NULL,NULL),(63,NULL,NULL,NULL,NULL),(64,NULL,NULL,NULL,NULL),(65,30,NULL,'Campi Grandi di Sotto 16',1),(66,NULL,NULL,NULL,NULL),(67,NULL,NULL,NULL,1),(68,NULL,NULL,NULL,NULL),(69,NULL,NULL,NULL,NULL),(70,NULL,NULL,NULL,NULL),(71,NULL,NULL,NULL,NULL),(72,10,NULL,'via Dunant',1),(73,NULL,NULL,NULL,NULL),(74,NULL,NULL,NULL,NULL),(75,NULL,NULL,NULL,NULL),(76,NULL,NULL,NULL,NULL),(77,NULL,NULL,NULL,NULL),(78,NULL,NULL,NULL,NULL),(79,NULL,NULL,NULL,NULL),(80,NULL,NULL,NULL,NULL),(81,NULL,NULL,NULL,NULL),(82,NULL,NULL,NULL,NULL),(83,NULL,NULL,NULL,NULL),(84,NULL,NULL,NULL,NULL),(85,1994,NULL,'Ri di Nüs 4',1),(86,NULL,NULL,NULL,NULL),(87,NULL,NULL,NULL,NULL),(88,NULL,NULL,NULL,NULL),(89,NULL,NULL,NULL,NULL),(90,NULL,NULL,NULL,NULL),(91,NULL,NULL,NULL,NULL),(92,NULL,NULL,NULL,NULL),(93,NULL,NULL,NULL,NULL),(94,NULL,NULL,NULL,NULL),(95,NULL,NULL,NULL,NULL),(96,NULL,NULL,NULL,NULL),(97,25,420.00,'Salita al Bairone 5',1),(98,NULL,NULL,NULL,NULL),(99,NULL,NULL,NULL,NULL),(100,NULL,NULL,NULL,1),(101,NULL,NULL,NULL,NULL),(102,NULL,NULL,NULL,NULL),(103,NULL,NULL,NULL,NULL),(104,NULL,NULL,NULL,NULL),(105,NULL,NULL,NULL,NULL),(106,NULL,NULL,NULL,NULL),(107,NULL,NULL,NULL,NULL),(108,NULL,NULL,NULL,NULL),(109,NULL,NULL,NULL,NULL),(110,NULL,NULL,NULL,1),(111,NULL,NULL,NULL,NULL),(112,NULL,NULL,NULL,NULL),(113,NULL,NULL,NULL,NULL),(114,NULL,NULL,NULL,NULL),(115,NULL,NULL,NULL,NULL),(116,NULL,NULL,NULL,NULL),(117,NULL,NULL,NULL,NULL),(118,NULL,NULL,NULL,NULL),(119,NULL,NULL,NULL,NULL),(120,NULL,NULL,NULL,NULL),(121,NULL,NULL,NULL,NULL),(122,NULL,NULL,NULL,NULL),(123,NULL,NULL,NULL,NULL),(124,NULL,NULL,NULL,NULL),(125,NULL,NULL,NULL,1),(126,NULL,NULL,NULL,NULL),(127,NULL,NULL,NULL,NULL),(128,NULL,NULL,NULL,NULL),(129,NULL,NULL,NULL,NULL),(130,NULL,NULL,NULL,NULL),(131,NULL,NULL,NULL,NULL),(132,NULL,NULL,NULL,NULL),(133,NULL,NULL,NULL,NULL),(134,NULL,NULL,NULL,NULL),(135,NULL,NULL,NULL,NULL),(136,NULL,NULL,NULL,NULL),(137,NULL,NULL,NULL,NULL),(138,NULL,NULL,NULL,NULL),(139,NULL,NULL,NULL,NULL),(140,NULL,NULL,NULL,NULL),(141,NULL,NULL,NULL,NULL),(142,NULL,NULL,NULL,NULL),(143,NULL,NULL,NULL,NULL),(144,NULL,NULL,NULL,NULL),(146,NULL,NULL,NULL,NULL),(147,NULL,NULL,NULL,NULL),(148,NULL,NULL,NULL,NULL),(149,NULL,NULL,NULL,NULL),(150,NULL,NULL,NULL,NULL),(151,NULL,NULL,NULL,NULL),(152,NULL,NULL,NULL,NULL),(153,NULL,NULL,NULL,NULL),(154,NULL,NULL,NULL,NULL),(155,NULL,NULL,NULL,NULL),(156,NULL,NULL,NULL,NULL),(157,NULL,NULL,NULL,NULL),(158,NULL,NULL,NULL,NULL),(159,NULL,NULL,NULL,NULL),(160,NULL,NULL,NULL,NULL),(161,NULL,NULL,NULL,NULL),(162,NULL,NULL,NULL,NULL),(163,NULL,NULL,NULL,NULL),(164,NULL,NULL,NULL,NULL),(165,NULL,NULL,NULL,NULL),(166,NULL,NULL,NULL,NULL),(167,NULL,NULL,NULL,NULL),(168,NULL,NULL,NULL,NULL),(169,NULL,NULL,NULL,1),(170,NULL,NULL,NULL,NULL),(171,NULL,NULL,NULL,NULL),(172,NULL,NULL,NULL,1),(173,NULL,NULL,NULL,NULL),(174,NULL,NULL,NULL,NULL),(176,NULL,NULL,NULL,NULL),(177,NULL,NULL,NULL,NULL),(178,NULL,NULL,NULL,NULL),(179,NULL,NULL,NULL,NULL),(180,NULL,NULL,NULL,NULL),(181,NULL,NULL,NULL,NULL),(182,NULL,NULL,NULL,NULL),(183,NULL,NULL,NULL,NULL),(184,NULL,NULL,NULL,NULL),(185,NULL,NULL,NULL,NULL),(186,NULL,NULL,NULL,NULL),(187,NULL,NULL,NULL,NULL),(188,NULL,NULL,NULL,NULL),(189,NULL,NULL,NULL,NULL),(190,28,NULL,'via campagna 14',NULL),(191,26,140.00,'via campagna 14',1),(194,NULL,NULL,NULL,NULL),(195,NULL,NULL,NULL,NULL),(196,NULL,NULL,NULL,NULL),(197,NULL,NULL,NULL,NULL),(198,NULL,NULL,NULL,NULL),(199,NULL,NULL,NULL,NULL),(200,NULL,NULL,NULL,NULL),(201,NULL,NULL,NULL,NULL),(202,NULL,NULL,NULL,NULL),(203,NULL,NULL,NULL,NULL),(204,NULL,NULL,NULL,NULL),(205,NULL,NULL,NULL,NULL),(206,NULL,NULL,NULL,NULL),(207,NULL,NULL,NULL,NULL),(208,28,NULL,'via cantonale 15',1),(209,NULL,NULL,NULL,NULL),(211,NULL,NULL,NULL,NULL),(212,NULL,NULL,NULL,NULL),(213,NULL,NULL,NULL,NULL),(214,60,NULL,'via cantonale 21',1),(215,NULL,NULL,NULL,NULL),(216,NULL,NULL,NULL,NULL),(217,NULL,NULL,NULL,NULL),(218,NULL,NULL,NULL,NULL),(219,NULL,NULL,NULL,NULL),(220,19,NULL,'Via Cantonale 30',1),(221,NULL,NULL,NULL,NULL),(222,NULL,NULL,NULL,NULL),(223,NULL,NULL,NULL,NULL),(224,NULL,NULL,NULL,NULL),(225,200,250.00,'Via Cantonale',1),(226,NULL,NULL,NULL,NULL),(227,NULL,NULL,NULL,NULL),(228,NULL,NULL,NULL,NULL),(229,NULL,NULL,NULL,NULL),(230,NULL,NULL,NULL,NULL),(231,NULL,NULL,NULL,NULL),(232,NULL,NULL,NULL,NULL),(233,NULL,NULL,NULL,5),(234,NULL,NULL,NULL,NULL),(235,NULL,NULL,NULL,NULL),(236,NULL,NULL,NULL,NULL),(237,NULL,NULL,NULL,NULL),(238,NULL,NULL,NULL,NULL),(239,NULL,NULL,NULL,NULL),(240,NULL,NULL,NULL,NULL),(241,NULL,NULL,NULL,NULL),(242,NULL,NULL,NULL,NULL),(243,NULL,NULL,NULL,NULL),(244,NULL,NULL,NULL,NULL),(245,NULL,NULL,NULL,NULL),(246,NULL,NULL,NULL,NULL),(247,NULL,NULL,NULL,NULL),(248,NULL,NULL,NULL,NULL),(249,NULL,NULL,NULL,1),(250,NULL,NULL,NULL,NULL),(251,NULL,NULL,NULL,NULL),(252,NULL,NULL,NULL,NULL),(253,NULL,NULL,NULL,NULL),(254,NULL,NULL,NULL,1),(255,NULL,NULL,NULL,NULL),(256,NULL,NULL,NULL,NULL),(257,NULL,NULL,NULL,NULL),(258,NULL,NULL,NULL,NULL),(259,NULL,NULL,NULL,NULL),(260,NULL,NULL,NULL,NULL),(261,NULL,NULL,NULL,NULL),(262,NULL,NULL,NULL,NULL),(263,NULL,NULL,NULL,NULL),(264,NULL,NULL,NULL,NULL),(265,NULL,NULL,NULL,NULL),(266,NULL,NULL,NULL,NULL),(267,NULL,NULL,NULL,NULL),(268,NULL,NULL,NULL,NULL),(269,NULL,NULL,NULL,NULL),(270,NULL,NULL,NULL,NULL),(271,NULL,NULL,NULL,NULL),(272,NULL,NULL,NULL,NULL),(273,NULL,NULL,NULL,NULL),(274,NULL,NULL,NULL,NULL),(275,NULL,NULL,NULL,NULL),(276,NULL,NULL,NULL,NULL),(277,NULL,NULL,NULL,NULL),(278,NULL,NULL,NULL,NULL),(279,NULL,NULL,NULL,NULL),(280,NULL,NULL,NULL,1),(281,NULL,NULL,NULL,NULL),(282,NULL,NULL,NULL,NULL),(283,NULL,NULL,NULL,NULL),(284,NULL,NULL,NULL,NULL),(285,NULL,NULL,NULL,NULL),(286,NULL,NULL,NULL,NULL),(287,NULL,NULL,NULL,1),(288,NULL,NULL,NULL,NULL),(289,NULL,NULL,NULL,NULL),(290,NULL,NULL,NULL,NULL),(291,NULL,NULL,NULL,NULL),(292,NULL,NULL,NULL,NULL),(293,NULL,NULL,NULL,NULL),(294,NULL,NULL,NULL,NULL),(295,NULL,NULL,NULL,NULL),(296,NULL,NULL,NULL,NULL),(297,NULL,NULL,NULL,NULL),(298,NULL,NULL,NULL,NULL),(300,NULL,NULL,NULL,NULL),(301,NULL,NULL,NULL,NULL),(302,NULL,NULL,NULL,NULL),(303,NULL,NULL,NULL,NULL),(304,NULL,NULL,NULL,NULL),(305,NULL,NULL,NULL,NULL),(306,NULL,NULL,NULL,NULL),(307,NULL,NULL,NULL,NULL),(308,NULL,NULL,NULL,NULL),(309,NULL,NULL,NULL,NULL),(310,NULL,NULL,NULL,NULL),(311,NULL,NULL,NULL,NULL),(312,NULL,NULL,NULL,NULL),(313,NULL,NULL,NULL,NULL),(314,NULL,NULL,NULL,NULL),(316,NULL,NULL,NULL,NULL),(317,NULL,NULL,NULL,NULL),(318,NULL,NULL,NULL,NULL),(319,NULL,NULL,NULL,NULL),(320,NULL,NULL,NULL,NULL),(321,NULL,NULL,NULL,NULL),(322,NULL,NULL,NULL,NULL),(323,NULL,NULL,NULL,1),(324,NULL,NULL,NULL,NULL),(325,NULL,NULL,NULL,NULL),(326,NULL,NULL,NULL,NULL),(327,NULL,NULL,NULL,NULL),(328,NULL,NULL,NULL,NULL),(329,NULL,NULL,NULL,NULL),(330,NULL,NULL,NULL,NULL),(331,54,95.00,'via Gerbie 27',1),(332,NULL,NULL,NULL,NULL),(333,NULL,NULL,NULL,NULL),(334,NULL,NULL,NULL,NULL),(335,NULL,NULL,NULL,NULL),(336,NULL,NULL,NULL,NULL),(337,NULL,NULL,NULL,NULL),(338,NULL,NULL,NULL,NULL),(339,NULL,NULL,NULL,NULL),(340,NULL,NULL,NULL,NULL),(341,NULL,NULL,NULL,NULL),(342,NULL,NULL,NULL,NULL),(343,NULL,NULL,NULL,NULL),(344,NULL,NULL,NULL,NULL),(345,NULL,NULL,NULL,NULL),(346,NULL,NULL,NULL,NULL),(347,NULL,NULL,NULL,NULL),(348,2,180.00,'Patriziale 6A',1),(349,NULL,NULL,NULL,NULL),(350,NULL,NULL,NULL,NULL),(351,NULL,NULL,NULL,NULL),(352,NULL,NULL,NULL,NULL),(353,NULL,NULL,NULL,NULL),(354,NULL,NULL,NULL,NULL),(355,NULL,NULL,NULL,NULL),(356,NULL,NULL,NULL,NULL),(357,NULL,NULL,NULL,NULL),(358,NULL,NULL,NULL,NULL),(360,NULL,NULL,NULL,1),(361,NULL,NULL,NULL,NULL),(362,NULL,NULL,NULL,NULL),(363,NULL,NULL,NULL,NULL),(364,NULL,NULL,NULL,NULL),(365,NULL,NULL,NULL,NULL),(366,NULL,NULL,NULL,NULL),(367,NULL,NULL,NULL,NULL),(368,NULL,NULL,NULL,NULL),(369,NULL,NULL,NULL,NULL),(370,NULL,NULL,NULL,NULL),(371,NULL,NULL,NULL,NULL),(372,NULL,NULL,NULL,NULL),(373,NULL,NULL,NULL,NULL),(374,NULL,NULL,NULL,NULL),(375,NULL,NULL,NULL,NULL),(376,NULL,NULL,NULL,NULL),(377,NULL,NULL,NULL,NULL),(378,NULL,NULL,NULL,NULL),(379,NULL,NULL,NULL,NULL),(380,NULL,NULL,NULL,NULL),(381,NULL,NULL,NULL,NULL),(382,NULL,NULL,NULL,NULL),(383,NULL,NULL,NULL,NULL),(385,NULL,NULL,NULL,NULL),(386,NULL,NULL,NULL,NULL),(387,NULL,NULL,NULL,NULL),(388,NULL,NULL,NULL,NULL),(389,NULL,NULL,NULL,NULL),(390,NULL,NULL,NULL,NULL),(391,NULL,NULL,NULL,NULL),(392,NULL,NULL,NULL,NULL),(393,NULL,NULL,NULL,NULL),(394,NULL,NULL,NULL,NULL),(395,NULL,NULL,NULL,NULL),(396,NULL,NULL,NULL,NULL),(397,NULL,NULL,NULL,NULL),(398,NULL,NULL,NULL,1),(399,NULL,NULL,NULL,NULL),(400,NULL,NULL,NULL,NULL),(401,NULL,NULL,NULL,NULL),(402,NULL,NULL,NULL,NULL),(403,NULL,NULL,NULL,NULL),(404,NULL,NULL,NULL,NULL),(405,NULL,NULL,NULL,NULL),(406,NULL,NULL,NULL,NULL),(407,NULL,NULL,NULL,NULL),(408,NULL,NULL,NULL,NULL),(409,NULL,NULL,NULL,NULL),(410,NULL,NULL,NULL,NULL),(411,NULL,NULL,'via Dunant',NULL),(412,NULL,NULL,NULL,NULL),(413,NULL,NULL,NULL,NULL),(414,NULL,NULL,NULL,NULL),(415,NULL,NULL,NULL,NULL),(416,NULL,NULL,NULL,NULL),(417,NULL,NULL,NULL,NULL),(418,NULL,NULL,NULL,NULL),(419,NULL,NULL,NULL,NULL),(420,NULL,NULL,NULL,NULL),(421,NULL,NULL,NULL,NULL),(422,NULL,NULL,NULL,NULL),(423,NULL,NULL,NULL,NULL),(424,NULL,NULL,NULL,NULL),(425,NULL,NULL,NULL,NULL),(426,NULL,NULL,NULL,NULL),(427,NULL,NULL,NULL,NULL),(428,NULL,NULL,NULL,NULL),(429,NULL,NULL,NULL,NULL),(430,NULL,NULL,NULL,NULL),(431,NULL,NULL,NULL,NULL),(432,NULL,NULL,NULL,NULL),(433,NULL,NULL,NULL,NULL),(434,NULL,NULL,NULL,NULL),(435,NULL,NULL,NULL,NULL),(436,NULL,NULL,NULL,NULL),(437,NULL,NULL,NULL,NULL),(438,NULL,NULL,NULL,NULL),(439,NULL,NULL,NULL,NULL),(440,NULL,NULL,NULL,NULL),(441,NULL,NULL,NULL,NULL),(442,NULL,NULL,NULL,NULL),(443,NULL,NULL,NULL,NULL),(444,NULL,NULL,NULL,NULL),(445,NULL,NULL,NULL,NULL),(446,NULL,NULL,NULL,NULL),(447,NULL,NULL,NULL,NULL),(448,NULL,NULL,NULL,NULL),(449,NULL,NULL,NULL,NULL),(450,NULL,NULL,NULL,NULL),(451,NULL,NULL,NULL,NULL),(452,NULL,NULL,NULL,NULL),(453,NULL,NULL,NULL,NULL),(454,NULL,NULL,NULL,NULL),(455,NULL,NULL,NULL,NULL),(456,NULL,NULL,NULL,NULL),(457,NULL,NULL,NULL,NULL),(458,NULL,NULL,NULL,NULL),(459,NULL,NULL,NULL,NULL),(460,NULL,NULL,NULL,NULL),(461,NULL,NULL,NULL,NULL),(462,NULL,NULL,NULL,NULL),(463,NULL,NULL,NULL,NULL),(464,NULL,NULL,NULL,NULL),(465,NULL,NULL,NULL,NULL),(466,NULL,NULL,NULL,NULL),(467,NULL,NULL,NULL,NULL),(468,NULL,NULL,NULL,NULL),(469,NULL,NULL,NULL,NULL),(470,NULL,NULL,NULL,NULL),(471,NULL,NULL,NULL,NULL),(472,NULL,NULL,NULL,NULL),(473,NULL,NULL,NULL,NULL),(474,NULL,NULL,NULL,NULL),(475,NULL,NULL,NULL,NULL),(476,NULL,NULL,NULL,NULL),(477,NULL,NULL,NULL,NULL),(478,NULL,NULL,NULL,NULL),(479,25,143.00,'via Carèsg 16',8),(480,NULL,NULL,NULL,NULL),(481,NULL,NULL,NULL,NULL),(482,NULL,NULL,NULL,NULL),(483,NULL,NULL,NULL,NULL),(484,NULL,NULL,NULL,NULL),(485,NULL,NULL,NULL,NULL),(486,NULL,NULL,NULL,NULL),(487,NULL,NULL,NULL,NULL),(488,NULL,NULL,NULL,NULL),(489,NULL,NULL,NULL,NULL),(490,NULL,NULL,NULL,NULL),(491,NULL,NULL,NULL,NULL),(492,NULL,NULL,NULL,NULL),(493,NULL,NULL,NULL,NULL);
/*!40000 ALTER TABLE `building` ENABLE KEYS */;
UNLOCK TABLES;

--
-- Temporary view structure for view `building_smart_meter`
--

DROP TABLE IF EXISTS `building_smart_meter`;
/*!50001 DROP VIEW IF EXISTS `building_smart_meter`*/;
SET @saved_cs_client     = @@character_set_client;
SET character_set_client = utf8;
/*!50001 CREATE VIEW `building_smart_meter` AS SELECT 
 1 AS `smart_meter_id`,
 1 AS `district_oid`*/;
SET character_set_client = @saved_cs_client;

--
-- Table structure for table `household`
--

DROP TABLE IF EXISTS `household`;
/*!40101 SET @saved_cs_client     = @@character_set_client */;
/*!40101 SET character_set_client = utf8 */;
CREATE TABLE `household` (
  `oid` int(11) NOT NULL AUTO_INCREMENT,
  `household_size` decimal(19,2) DEFAULT NULL,
  `ownership` bit(1) DEFAULT NULL,
  `number_pets` int(11) DEFAULT NULL,
  `household_garden_area` decimal(19,2) DEFAULT NULL,
  `household_pool_volume` decimal(19,2) DEFAULT NULL,
  `second` bit(1) DEFAULT NULL,
  `public` bit(1) DEFAULT NULL,
  `visible` bit(1) DEFAULT NULL,
  `household_pool` bit(1) DEFAULT NULL,
  `household_garden` bit(1) DEFAULT NULL,
  `family_id` varchar(255) DEFAULT NULL,
  `smart_meter_oid` int(11) DEFAULT NULL,
  `building_oid` int(11) DEFAULT NULL,
  `children9` int(11) DEFAULT NULL,
  `children5_9` int(11) DEFAULT NULL,
  `children0_4` int(11) DEFAULT NULL,
  `residency_type` varchar(255) DEFAULT NULL,
  `number_bathrooms` varchar(255) DEFAULT NULL,
  `number_adults` int(11) DEFAULT NULL,
  `environmental_attitude` varchar(255) DEFAULT NULL,
  `irrigation_system` bit(1) DEFAULT NULL,
  `house_plants` bit(1) DEFAULT NULL,
  `balcony_plants` bit(1) DEFAULT NULL,
  `balcony_irrigation` bit(1) DEFAULT NULL,
  PRIMARY KEY (`oid`),
  KEY `fk_household_smart_meter` (`smart_meter_oid`),
  KEY `fk_household_building` (`building_oid`),
  CONSTRAINT `fk_household_building` FOREIGN KEY (`building_oid`) REFERENCES `building` (`oid`),
  CONSTRAINT `fk_household_smart_meter` FOREIGN KEY (`smart_meter_oid`) REFERENCES `smart_meter` (`oid`)
) ENGINE=InnoDB AUTO_INCREMENT=646 DEFAULT CHARSET=utf8;
/*!40101 SET character_set_client = @saved_cs_client */;

--
-- Dumping data for table `household`
--

LOCK TABLES `household` WRITE;
/*!40000 ALTER TABLE `household` DISABLE KEYS */;
INSERT INTO `household` VALUES (1,NULL,NULL,NULL,NULL,NULL,NULL,NULL,NULL,NULL,NULL,NULL,NULL,1,NULL,NULL,NULL,NULL,NULL,NULL,NULL,NULL,NULL,NULL,NULL),(14,140.00,'',0,200.00,0.00,'\0',NULL,NULL,'\0','','Caverzasio',225,14,0,0,0,'Single Family','3',2,'Medium environmental sensitivity','\0',NULL,NULL,NULL),(15,120.00,'',5,70.00,0.00,'\0',NULL,NULL,'\0','','2030025445',156,15,0,0,0,'Single Family','2',4,'Medium environmental sensitivity','\0',NULL,NULL,NULL),(16,NULL,NULL,NULL,NULL,NULL,NULL,NULL,NULL,NULL,NULL,'2030025295',55,16,NULL,NULL,NULL,NULL,NULL,NULL,NULL,NULL,NULL,NULL,NULL),(17,NULL,NULL,NULL,NULL,NULL,NULL,NULL,NULL,NULL,NULL,'2030025296',40,17,NULL,NULL,NULL,NULL,NULL,NULL,NULL,NULL,NULL,NULL,NULL),(18,NULL,NULL,NULL,NULL,NULL,NULL,NULL,NULL,NULL,NULL,'SilviaGobbi',NULL,18,NULL,NULL,NULL,NULL,NULL,NULL,NULL,NULL,NULL,NULL,NULL),(19,NULL,NULL,NULL,NULL,NULL,NULL,NULL,NULL,NULL,NULL,'2030025645',59,19,NULL,NULL,NULL,NULL,NULL,NULL,NULL,NULL,NULL,NULL,NULL),(20,NULL,NULL,NULL,NULL,NULL,NULL,NULL,NULL,NULL,NULL,'2030025372',27,20,NULL,NULL,NULL,NULL,NULL,NULL,NULL,NULL,NULL,NULL,NULL),(21,NULL,NULL,NULL,NULL,NULL,NULL,NULL,NULL,NULL,NULL,'2030025550',13,21,NULL,NULL,NULL,NULL,NULL,NULL,NULL,NULL,NULL,NULL,NULL),(22,200.00,'',1,500.00,0.00,NULL,NULL,NULL,'\0','','Baumer',195,22,0,0,0,'House','3',3,'Medium environmental sensitivity','\0',NULL,NULL,NULL),(23,NULL,'',NULL,NULL,0.00,'\0',NULL,NULL,'\0','','2030025483',185,23,NULL,NULL,NULL,'Single Family','3',NULL,NULL,'\0',NULL,NULL,NULL),(24,NULL,NULL,NULL,NULL,NULL,NULL,NULL,NULL,NULL,NULL,'2030025503',151,24,NULL,NULL,NULL,NULL,NULL,NULL,NULL,NULL,NULL,NULL,NULL),(27,NULL,NULL,NULL,NULL,NULL,NULL,NULL,NULL,NULL,NULL,'2030085684',0,29,NULL,NULL,NULL,NULL,NULL,NULL,NULL,NULL,NULL,NULL,NULL),(28,NULL,NULL,NULL,NULL,NULL,NULL,NULL,NULL,NULL,NULL,'2030091953',0,30,NULL,NULL,NULL,NULL,NULL,NULL,NULL,NULL,NULL,NULL,NULL),(29,NULL,NULL,NULL,NULL,NULL,NULL,NULL,NULL,NULL,NULL,'2030094173',85,31,NULL,NULL,NULL,NULL,NULL,NULL,NULL,NULL,NULL,NULL,NULL),(30,NULL,NULL,NULL,NULL,NULL,NULL,NULL,NULL,NULL,NULL,'2030095033',51,32,NULL,NULL,NULL,NULL,NULL,NULL,NULL,NULL,NULL,NULL,NULL),(31,NULL,NULL,NULL,NULL,NULL,NULL,NULL,NULL,NULL,NULL,'2030095034',51,32,NULL,NULL,NULL,NULL,NULL,NULL,NULL,NULL,NULL,NULL,NULL),(32,NULL,NULL,NULL,NULL,NULL,NULL,NULL,NULL,NULL,NULL,'2030093861',0,33,NULL,NULL,NULL,NULL,NULL,NULL,NULL,NULL,NULL,NULL,NULL),(33,NULL,NULL,NULL,NULL,NULL,NULL,NULL,NULL,NULL,NULL,'2030025258',0,34,NULL,NULL,NULL,NULL,NULL,NULL,NULL,NULL,NULL,NULL,NULL),(34,NULL,NULL,NULL,NULL,NULL,NULL,NULL,NULL,NULL,NULL,'2030025259',0,35,NULL,NULL,NULL,NULL,NULL,NULL,NULL,NULL,NULL,NULL,NULL),(35,NULL,NULL,NULL,NULL,NULL,NULL,NULL,NULL,NULL,NULL,'2030025268',0,36,NULL,NULL,NULL,NULL,NULL,NULL,NULL,NULL,NULL,NULL,NULL),(36,NULL,NULL,NULL,NULL,NULL,NULL,NULL,NULL,NULL,NULL,'2030025726',223,37,NULL,NULL,NULL,NULL,NULL,NULL,NULL,NULL,NULL,NULL,NULL),(37,NULL,NULL,NULL,NULL,NULL,NULL,NULL,NULL,NULL,NULL,'2030025727',223,37,NULL,NULL,NULL,NULL,NULL,NULL,NULL,NULL,NULL,NULL,NULL),(38,NULL,NULL,NULL,NULL,NULL,NULL,NULL,NULL,NULL,NULL,'2030025728',223,37,NULL,NULL,NULL,NULL,NULL,NULL,NULL,NULL,NULL,NULL,NULL),(39,NULL,NULL,NULL,NULL,NULL,NULL,NULL,NULL,NULL,NULL,'2030025729',223,37,NULL,NULL,NULL,NULL,NULL,NULL,NULL,NULL,NULL,NULL,NULL),(40,130.00,'\0',2,50.00,6.00,'\0',NULL,NULL,'','','2030025730',223,37,2,NULL,NULL,'Flat','2',2,'Medium environmental sensitivity','\0',NULL,NULL,NULL),(41,NULL,NULL,NULL,NULL,NULL,NULL,NULL,NULL,NULL,NULL,'2030025731',223,37,NULL,NULL,NULL,NULL,NULL,NULL,NULL,NULL,NULL,NULL,NULL),(42,NULL,NULL,NULL,NULL,NULL,NULL,NULL,NULL,NULL,NULL,'2030025735',204,38,NULL,NULL,NULL,NULL,NULL,NULL,NULL,NULL,NULL,NULL,NULL),(43,NULL,NULL,NULL,NULL,NULL,NULL,NULL,NULL,NULL,NULL,'2030025722',93,39,NULL,NULL,NULL,NULL,NULL,NULL,NULL,NULL,NULL,NULL,NULL),(44,NULL,NULL,NULL,NULL,NULL,NULL,NULL,NULL,NULL,NULL,'2030025723',93,39,NULL,NULL,NULL,NULL,NULL,NULL,NULL,NULL,NULL,NULL,NULL),(45,NULL,NULL,NULL,NULL,NULL,NULL,NULL,NULL,NULL,NULL,'2030025734',6,40,NULL,NULL,NULL,NULL,NULL,NULL,NULL,NULL,NULL,NULL,NULL),(46,NULL,NULL,NULL,NULL,NULL,NULL,NULL,NULL,NULL,NULL,'2030025733',313,41,NULL,NULL,NULL,NULL,NULL,NULL,NULL,NULL,NULL,NULL,NULL),(47,NULL,NULL,NULL,NULL,NULL,NULL,NULL,NULL,NULL,NULL,'2030025716',201,42,NULL,NULL,NULL,NULL,NULL,NULL,NULL,NULL,NULL,NULL,NULL),(48,NULL,NULL,NULL,NULL,NULL,NULL,NULL,NULL,NULL,NULL,'2030094566',201,42,NULL,NULL,NULL,NULL,NULL,NULL,NULL,NULL,NULL,NULL,NULL),(49,NULL,NULL,NULL,NULL,NULL,NULL,NULL,NULL,NULL,NULL,'2030094567',201,42,NULL,NULL,NULL,NULL,NULL,NULL,NULL,NULL,NULL,NULL,NULL),(50,NULL,NULL,NULL,NULL,NULL,NULL,NULL,NULL,NULL,NULL,'2030025732',312,43,NULL,NULL,NULL,NULL,NULL,NULL,NULL,NULL,NULL,NULL,NULL),(51,NULL,NULL,NULL,NULL,NULL,NULL,NULL,NULL,NULL,NULL,'2030025717',310,44,NULL,NULL,NULL,NULL,NULL,NULL,NULL,NULL,NULL,NULL,NULL),(52,NULL,NULL,NULL,NULL,NULL,NULL,NULL,NULL,NULL,NULL,'2030025725',311,45,NULL,NULL,NULL,NULL,NULL,NULL,NULL,NULL,NULL,NULL,NULL),(53,NULL,NULL,NULL,NULL,NULL,NULL,NULL,NULL,NULL,NULL,'2030025724',76,46,NULL,NULL,NULL,NULL,NULL,NULL,NULL,NULL,NULL,NULL,NULL),(54,NULL,NULL,NULL,NULL,NULL,NULL,NULL,NULL,NULL,NULL,'2030025715',197,47,NULL,NULL,NULL,NULL,NULL,NULL,NULL,NULL,NULL,NULL,NULL),(55,NULL,NULL,NULL,NULL,NULL,NULL,NULL,NULL,NULL,NULL,'2030025714',309,48,NULL,NULL,NULL,NULL,NULL,NULL,NULL,NULL,NULL,NULL,NULL),(56,NULL,NULL,NULL,NULL,NULL,NULL,NULL,NULL,NULL,NULL,'2030025648',69,49,NULL,NULL,NULL,NULL,NULL,NULL,NULL,NULL,NULL,NULL,NULL),(57,NULL,NULL,NULL,NULL,NULL,NULL,NULL,NULL,NULL,NULL,'2030025656',81,50,NULL,NULL,NULL,NULL,NULL,NULL,NULL,NULL,NULL,NULL,NULL),(58,NULL,NULL,NULL,NULL,NULL,NULL,NULL,NULL,NULL,NULL,'2030025655',291,51,NULL,NULL,NULL,NULL,NULL,NULL,NULL,NULL,NULL,NULL,NULL),(59,NULL,NULL,NULL,NULL,NULL,NULL,NULL,NULL,NULL,NULL,'2030025647',7,52,NULL,NULL,NULL,NULL,NULL,NULL,NULL,NULL,NULL,NULL,NULL),(60,NULL,NULL,NULL,NULL,NULL,NULL,NULL,NULL,NULL,NULL,'2030025654',290,53,NULL,NULL,NULL,NULL,NULL,NULL,NULL,NULL,NULL,NULL,NULL),(61,NULL,NULL,NULL,NULL,NULL,NULL,NULL,NULL,NULL,NULL,'2030025650',77,54,NULL,NULL,NULL,NULL,NULL,NULL,NULL,NULL,NULL,NULL,NULL),(62,NULL,NULL,NULL,NULL,NULL,NULL,NULL,NULL,NULL,NULL,'2030025651',77,54,NULL,NULL,NULL,NULL,NULL,NULL,NULL,NULL,NULL,NULL,NULL),(63,NULL,NULL,NULL,NULL,NULL,NULL,NULL,NULL,NULL,NULL,'2030025652',77,54,NULL,NULL,NULL,NULL,NULL,NULL,NULL,NULL,NULL,NULL,NULL),(64,NULL,NULL,NULL,NULL,NULL,NULL,NULL,NULL,NULL,NULL,'2030025653',77,54,NULL,NULL,NULL,NULL,NULL,NULL,NULL,NULL,NULL,NULL,NULL),(65,NULL,NULL,NULL,NULL,NULL,NULL,NULL,NULL,NULL,NULL,'2030025649',289,55,NULL,NULL,NULL,NULL,NULL,NULL,NULL,NULL,NULL,NULL,NULL),(66,NULL,NULL,NULL,NULL,NULL,NULL,NULL,NULL,NULL,NULL,'2030025736',0,56,NULL,NULL,NULL,NULL,NULL,NULL,NULL,NULL,NULL,NULL,NULL),(67,NULL,NULL,NULL,NULL,NULL,NULL,NULL,NULL,NULL,NULL,'2030025737',0,56,NULL,NULL,NULL,NULL,NULL,NULL,NULL,NULL,NULL,NULL,NULL),(68,NULL,NULL,NULL,NULL,NULL,NULL,NULL,NULL,NULL,NULL,'2030025739',0,56,NULL,NULL,NULL,NULL,NULL,NULL,NULL,NULL,NULL,NULL,NULL),(69,NULL,NULL,NULL,NULL,NULL,NULL,NULL,NULL,NULL,NULL,'2030025741',0,56,NULL,NULL,NULL,NULL,NULL,NULL,NULL,NULL,NULL,NULL,NULL),(70,NULL,NULL,NULL,NULL,NULL,NULL,NULL,NULL,NULL,NULL,'2030025742',0,56,NULL,NULL,NULL,NULL,NULL,NULL,NULL,NULL,NULL,NULL,NULL),(71,NULL,NULL,NULL,NULL,NULL,NULL,NULL,NULL,NULL,NULL,'2030025744',0,56,NULL,NULL,NULL,NULL,NULL,NULL,NULL,NULL,NULL,NULL,NULL),(72,NULL,NULL,NULL,NULL,NULL,NULL,NULL,NULL,NULL,NULL,'2030025699',305,57,NULL,NULL,NULL,NULL,NULL,NULL,NULL,NULL,NULL,NULL,NULL),(73,NULL,NULL,NULL,NULL,NULL,NULL,NULL,NULL,NULL,NULL,'2030025700',305,57,NULL,NULL,NULL,NULL,NULL,NULL,NULL,NULL,NULL,NULL,NULL),(74,NULL,NULL,NULL,NULL,NULL,NULL,NULL,NULL,NULL,NULL,'2030025738',50,58,NULL,NULL,NULL,NULL,NULL,NULL,NULL,NULL,NULL,NULL,NULL),(75,NULL,NULL,NULL,NULL,NULL,NULL,NULL,NULL,NULL,NULL,'2030025740',50,58,NULL,NULL,NULL,NULL,NULL,NULL,NULL,NULL,NULL,NULL,NULL),(76,NULL,NULL,NULL,NULL,NULL,NULL,NULL,NULL,NULL,NULL,'2030025743',50,58,NULL,NULL,NULL,NULL,NULL,NULL,NULL,NULL,NULL,NULL,NULL),(77,NULL,NULL,NULL,NULL,NULL,NULL,NULL,NULL,NULL,NULL,'2030025745',50,58,NULL,NULL,NULL,NULL,NULL,NULL,NULL,NULL,NULL,NULL,NULL),(78,NULL,NULL,NULL,NULL,NULL,NULL,NULL,NULL,NULL,NULL,'2030025746',50,58,NULL,NULL,NULL,NULL,NULL,NULL,NULL,NULL,NULL,NULL,NULL),(79,NULL,NULL,NULL,NULL,NULL,NULL,NULL,NULL,NULL,NULL,'2030025698',61,59,NULL,NULL,NULL,NULL,NULL,NULL,NULL,NULL,NULL,NULL,NULL),(80,NULL,NULL,NULL,NULL,NULL,NULL,NULL,NULL,NULL,NULL,'2030025697',0,60,NULL,NULL,NULL,NULL,NULL,NULL,NULL,NULL,NULL,NULL,NULL),(81,NULL,NULL,NULL,NULL,NULL,NULL,NULL,NULL,NULL,NULL,'2030025709',168,61,NULL,NULL,NULL,NULL,NULL,NULL,NULL,NULL,NULL,NULL,NULL),(82,NULL,NULL,NULL,NULL,NULL,NULL,NULL,NULL,NULL,NULL,'2030025710',168,61,NULL,NULL,NULL,NULL,NULL,NULL,NULL,NULL,NULL,NULL,NULL),(83,NULL,NULL,NULL,NULL,NULL,NULL,NULL,NULL,NULL,NULL,'2030094357',168,61,NULL,NULL,NULL,NULL,NULL,NULL,NULL,NULL,NULL,NULL,NULL),(84,NULL,NULL,NULL,NULL,NULL,NULL,NULL,NULL,NULL,NULL,'2030025711',43,62,NULL,NULL,NULL,NULL,NULL,NULL,NULL,NULL,NULL,NULL,NULL),(85,NULL,NULL,NULL,NULL,NULL,NULL,NULL,NULL,NULL,NULL,'2030025667',64,63,NULL,NULL,NULL,NULL,NULL,NULL,NULL,NULL,NULL,NULL,NULL),(86,NULL,NULL,NULL,NULL,NULL,NULL,NULL,NULL,NULL,NULL,'2030025668',64,63,NULL,NULL,NULL,NULL,NULL,NULL,NULL,NULL,NULL,NULL,NULL),(87,NULL,NULL,NULL,NULL,NULL,NULL,NULL,NULL,NULL,NULL,'2030025669',64,63,NULL,NULL,NULL,NULL,NULL,NULL,NULL,NULL,NULL,NULL,NULL),(88,NULL,NULL,NULL,NULL,NULL,NULL,NULL,NULL,NULL,NULL,'2030025673',296,64,NULL,NULL,NULL,NULL,NULL,NULL,NULL,NULL,NULL,NULL,NULL),(89,200.00,'',1,60.00,0.00,'\0',NULL,NULL,'\0','','2030025674',297,65,1,0,0,'Single Family','3',2,'Low environmental sensitivity','\0',NULL,NULL,NULL),(90,NULL,NULL,NULL,NULL,NULL,NULL,NULL,NULL,NULL,NULL,'2030025658',36,66,NULL,NULL,NULL,NULL,NULL,NULL,NULL,NULL,NULL,NULL,NULL),(91,NULL,NULL,NULL,NULL,NULL,NULL,NULL,NULL,NULL,NULL,'2030025659',36,66,NULL,NULL,NULL,NULL,NULL,NULL,NULL,NULL,NULL,NULL,NULL),(92,NULL,NULL,NULL,NULL,NULL,NULL,NULL,NULL,NULL,NULL,'2030025660',36,66,NULL,NULL,NULL,NULL,NULL,NULL,NULL,NULL,NULL,NULL,NULL),(93,NULL,NULL,NULL,NULL,NULL,NULL,NULL,NULL,NULL,NULL,'2030025657',150,67,NULL,NULL,NULL,NULL,NULL,NULL,NULL,NULL,NULL,NULL,NULL),(94,NULL,NULL,NULL,NULL,NULL,NULL,NULL,NULL,NULL,NULL,'2030025661',292,68,NULL,NULL,NULL,NULL,NULL,NULL,NULL,NULL,NULL,NULL,NULL),(95,NULL,NULL,NULL,NULL,NULL,NULL,NULL,NULL,NULL,NULL,'2030025662',292,68,NULL,NULL,NULL,NULL,NULL,NULL,NULL,NULL,NULL,NULL,NULL),(96,NULL,NULL,NULL,NULL,NULL,NULL,NULL,NULL,NULL,NULL,'2030025663',292,68,NULL,NULL,NULL,NULL,NULL,NULL,NULL,NULL,NULL,NULL,NULL),(97,NULL,NULL,NULL,NULL,NULL,NULL,NULL,NULL,NULL,NULL,'2030025664',292,68,NULL,NULL,NULL,NULL,NULL,NULL,NULL,NULL,NULL,NULL,NULL),(98,NULL,NULL,NULL,NULL,NULL,NULL,NULL,NULL,NULL,NULL,'2030082844',314,69,NULL,NULL,NULL,NULL,NULL,NULL,NULL,NULL,NULL,NULL,NULL),(99,NULL,NULL,NULL,NULL,NULL,NULL,NULL,NULL,NULL,NULL,'2030025694',193,70,NULL,NULL,NULL,NULL,NULL,NULL,NULL,NULL,NULL,NULL,NULL),(100,NULL,NULL,NULL,NULL,NULL,NULL,NULL,NULL,NULL,NULL,'2030093737',0,71,NULL,NULL,NULL,NULL,NULL,NULL,NULL,NULL,NULL,NULL,NULL),(101,100.00,'',0,0.00,0.00,'\0',NULL,NULL,'\0','\0','2030025303',17,72,0,0,0,'Single Family','2',2,'High environmental sensitivity','\0',NULL,NULL,NULL),(102,NULL,NULL,NULL,NULL,NULL,NULL,NULL,NULL,NULL,NULL,'2030025301',0,73,NULL,NULL,NULL,NULL,NULL,NULL,NULL,NULL,NULL,NULL,NULL),(103,NULL,NULL,NULL,NULL,NULL,NULL,NULL,NULL,NULL,NULL,'2030025302',0,74,NULL,NULL,NULL,NULL,NULL,NULL,NULL,NULL,NULL,NULL,NULL),(104,NULL,NULL,NULL,NULL,NULL,NULL,NULL,NULL,NULL,NULL,'2030088171',62,75,NULL,NULL,NULL,NULL,NULL,NULL,NULL,NULL,NULL,NULL,NULL),(105,NULL,NULL,NULL,NULL,NULL,NULL,NULL,NULL,NULL,NULL,'2030025299',41,76,NULL,NULL,NULL,NULL,NULL,NULL,NULL,NULL,NULL,NULL,NULL),(106,NULL,NULL,NULL,NULL,NULL,NULL,NULL,NULL,NULL,NULL,'2030025300',41,76,NULL,NULL,NULL,NULL,NULL,NULL,NULL,NULL,NULL,NULL,NULL),(107,NULL,NULL,NULL,NULL,NULL,NULL,NULL,NULL,NULL,NULL,'2030025579',112,77,NULL,NULL,NULL,NULL,NULL,NULL,NULL,NULL,NULL,NULL,NULL),(108,NULL,NULL,NULL,NULL,NULL,NULL,NULL,NULL,NULL,NULL,'2030025580',NULL,77,NULL,NULL,NULL,NULL,NULL,NULL,NULL,NULL,NULL,NULL,NULL),(109,NULL,NULL,NULL,NULL,NULL,NULL,NULL,NULL,NULL,NULL,'2030025587',0,78,NULL,NULL,NULL,NULL,NULL,NULL,NULL,NULL,NULL,NULL,NULL),(110,NULL,NULL,NULL,NULL,NULL,NULL,NULL,NULL,NULL,NULL,'2030025535',276,79,NULL,NULL,NULL,NULL,NULL,NULL,NULL,NULL,NULL,NULL,NULL),(111,NULL,NULL,NULL,NULL,NULL,NULL,NULL,NULL,NULL,NULL,'2030025536',276,79,NULL,NULL,NULL,NULL,NULL,NULL,NULL,NULL,NULL,NULL,NULL),(112,NULL,NULL,NULL,NULL,NULL,NULL,NULL,NULL,NULL,NULL,'2030025537',276,79,NULL,NULL,NULL,NULL,NULL,NULL,NULL,NULL,NULL,NULL,NULL),(113,NULL,NULL,NULL,NULL,NULL,NULL,NULL,NULL,NULL,NULL,'2030025534',95,80,NULL,NULL,NULL,NULL,NULL,NULL,NULL,NULL,NULL,NULL,NULL),(114,NULL,NULL,NULL,NULL,NULL,NULL,NULL,NULL,NULL,NULL,'2030025583',0,81,NULL,NULL,NULL,NULL,NULL,NULL,NULL,NULL,NULL,NULL,NULL),(115,NULL,NULL,NULL,NULL,NULL,NULL,NULL,NULL,NULL,NULL,'2030025278',0,82,NULL,NULL,NULL,NULL,NULL,NULL,NULL,NULL,NULL,NULL,NULL),(116,NULL,NULL,NULL,NULL,NULL,NULL,NULL,NULL,NULL,NULL,'2030025293',224,83,NULL,NULL,NULL,NULL,NULL,NULL,NULL,NULL,NULL,NULL,NULL),(117,NULL,NULL,NULL,NULL,NULL,NULL,NULL,NULL,NULL,NULL,'2030092594',0,84,NULL,NULL,NULL,NULL,NULL,NULL,NULL,NULL,NULL,NULL,NULL),(118,250.00,'',2,686.00,0.00,'\0',NULL,NULL,'\0','','2030025605',164,85,0,0,0,'Single Family','3',3,'High environmental sensitivity','\0',NULL,NULL,NULL),(119,NULL,NULL,NULL,NULL,NULL,NULL,NULL,NULL,NULL,NULL,'2030025635',157,86,NULL,NULL,NULL,NULL,NULL,NULL,NULL,NULL,NULL,NULL,NULL),(120,NULL,NULL,NULL,NULL,NULL,NULL,NULL,NULL,NULL,NULL,'2030025622',286,87,NULL,NULL,NULL,NULL,NULL,NULL,NULL,NULL,NULL,NULL,NULL),(121,NULL,NULL,NULL,NULL,NULL,NULL,NULL,NULL,NULL,NULL,'2030087820',114,88,NULL,NULL,NULL,NULL,NULL,NULL,NULL,NULL,NULL,NULL,NULL),(122,NULL,NULL,NULL,NULL,NULL,NULL,NULL,NULL,NULL,NULL,'2030025621',285,89,NULL,NULL,NULL,NULL,NULL,NULL,NULL,NULL,NULL,NULL,NULL),(123,NULL,NULL,NULL,NULL,NULL,NULL,NULL,NULL,NULL,NULL,'2030085381',167,90,NULL,NULL,NULL,NULL,NULL,NULL,NULL,NULL,NULL,NULL,NULL),(124,NULL,NULL,NULL,NULL,NULL,NULL,NULL,NULL,NULL,NULL,'2030085455',167,90,NULL,NULL,NULL,NULL,NULL,NULL,NULL,NULL,NULL,NULL,NULL),(125,NULL,NULL,NULL,NULL,NULL,NULL,NULL,NULL,NULL,NULL,'2030085782',167,90,NULL,NULL,NULL,NULL,NULL,NULL,NULL,NULL,NULL,NULL,NULL),(126,NULL,NULL,NULL,NULL,NULL,NULL,NULL,NULL,NULL,NULL,'2030087537',167,90,NULL,NULL,NULL,NULL,NULL,NULL,NULL,NULL,NULL,NULL,NULL),(127,NULL,NULL,NULL,NULL,NULL,NULL,NULL,NULL,NULL,NULL,'2030087600',167,90,NULL,NULL,NULL,NULL,NULL,NULL,NULL,NULL,NULL,NULL,NULL),(128,NULL,NULL,NULL,NULL,NULL,NULL,NULL,NULL,NULL,NULL,'2030088397',167,90,NULL,NULL,NULL,NULL,NULL,NULL,NULL,NULL,NULL,NULL,NULL),(129,NULL,NULL,NULL,NULL,NULL,NULL,NULL,NULL,NULL,NULL,'2030088998',167,90,NULL,NULL,NULL,NULL,NULL,NULL,NULL,NULL,NULL,NULL,NULL),(130,NULL,NULL,NULL,NULL,NULL,NULL,NULL,NULL,NULL,NULL,'2030025620',284,91,NULL,NULL,NULL,NULL,NULL,NULL,NULL,NULL,NULL,NULL,NULL),(131,NULL,NULL,NULL,NULL,NULL,NULL,NULL,NULL,NULL,NULL,'2030025637',288,92,NULL,NULL,NULL,NULL,NULL,NULL,NULL,NULL,NULL,NULL,NULL),(132,NULL,NULL,NULL,NULL,NULL,NULL,NULL,NULL,NULL,NULL,'2030025638',288,92,NULL,NULL,NULL,NULL,NULL,NULL,NULL,NULL,NULL,NULL,NULL),(133,NULL,NULL,NULL,NULL,NULL,NULL,NULL,NULL,NULL,NULL,'2030025639',288,92,NULL,NULL,NULL,NULL,NULL,NULL,NULL,NULL,NULL,NULL,NULL),(134,NULL,NULL,NULL,NULL,NULL,NULL,NULL,NULL,NULL,NULL,'2030025619',283,93,NULL,NULL,NULL,NULL,NULL,NULL,NULL,NULL,NULL,NULL,NULL),(135,NULL,NULL,NULL,NULL,NULL,NULL,NULL,NULL,NULL,NULL,'2030082728',158,94,NULL,NULL,NULL,NULL,NULL,NULL,NULL,NULL,NULL,NULL,NULL),(136,NULL,NULL,NULL,NULL,NULL,NULL,NULL,NULL,NULL,NULL,'2030025618',161,95,NULL,NULL,NULL,NULL,NULL,NULL,NULL,NULL,NULL,NULL,NULL),(137,NULL,NULL,NULL,NULL,NULL,NULL,NULL,NULL,NULL,NULL,'2030025427',134,96,NULL,NULL,NULL,NULL,NULL,NULL,NULL,NULL,NULL,NULL,NULL),(138,120.00,'',0,300.00,0.00,'\0',NULL,NULL,'\0','','2030025428',134,97,0,0,0,'Flat','4',2,'Medium environmental sensitivity','\0',NULL,NULL,NULL),(139,NULL,NULL,NULL,NULL,NULL,NULL,NULL,NULL,NULL,NULL,'2030025429',134,97,NULL,NULL,NULL,NULL,NULL,NULL,NULL,NULL,NULL,NULL,NULL),(140,NULL,NULL,NULL,NULL,NULL,NULL,NULL,NULL,NULL,NULL,'2030025430',134,97,NULL,NULL,NULL,NULL,NULL,NULL,NULL,NULL,NULL,NULL,NULL),(141,NULL,NULL,NULL,NULL,NULL,NULL,NULL,NULL,NULL,NULL,'2030025431',134,97,NULL,NULL,NULL,NULL,NULL,NULL,NULL,NULL,NULL,NULL,NULL),(142,NULL,NULL,NULL,NULL,NULL,NULL,NULL,NULL,NULL,NULL,'2030025432',134,97,NULL,NULL,NULL,NULL,NULL,NULL,NULL,NULL,NULL,NULL,NULL),(143,NULL,NULL,NULL,NULL,NULL,NULL,NULL,NULL,NULL,NULL,'2030025439',140,98,NULL,NULL,NULL,NULL,NULL,NULL,NULL,NULL,NULL,NULL,NULL),(144,NULL,NULL,NULL,NULL,NULL,NULL,NULL,NULL,NULL,NULL,'2030025323',187,99,NULL,NULL,NULL,NULL,NULL,NULL,NULL,NULL,NULL,NULL,NULL),(145,NULL,NULL,NULL,NULL,NULL,NULL,NULL,NULL,NULL,NULL,'2030025324',187,99,NULL,NULL,NULL,NULL,NULL,NULL,NULL,NULL,NULL,NULL,NULL),(146,NULL,NULL,NULL,NULL,NULL,NULL,NULL,NULL,NULL,NULL,'2030025313',NULL,100,NULL,NULL,NULL,NULL,NULL,NULL,NULL,NULL,NULL,NULL,NULL),(147,NULL,NULL,NULL,NULL,NULL,NULL,NULL,NULL,NULL,NULL,'2030025332',0,101,NULL,NULL,NULL,NULL,NULL,NULL,NULL,NULL,NULL,NULL,NULL),(148,NULL,NULL,NULL,NULL,NULL,NULL,NULL,NULL,NULL,NULL,'2030025331',203,102,NULL,NULL,NULL,NULL,NULL,NULL,NULL,NULL,NULL,NULL,NULL),(149,NULL,NULL,NULL,NULL,NULL,NULL,NULL,NULL,NULL,NULL,'2030025354',0,103,NULL,NULL,NULL,NULL,NULL,NULL,NULL,NULL,NULL,NULL,NULL),(150,NULL,NULL,NULL,NULL,NULL,NULL,NULL,NULL,NULL,NULL,'2030025347',74,104,NULL,NULL,NULL,NULL,NULL,NULL,NULL,NULL,NULL,NULL,NULL),(151,NULL,NULL,NULL,NULL,NULL,NULL,NULL,NULL,NULL,NULL,'2030025353',243,105,NULL,NULL,NULL,NULL,NULL,NULL,NULL,NULL,NULL,NULL,NULL),(152,NULL,NULL,NULL,NULL,NULL,NULL,NULL,NULL,NULL,NULL,'2030025346',35,106,NULL,NULL,NULL,NULL,NULL,NULL,NULL,NULL,NULL,NULL,NULL),(153,NULL,NULL,NULL,NULL,NULL,NULL,NULL,NULL,NULL,NULL,'2030025348',35,106,NULL,NULL,NULL,NULL,NULL,NULL,NULL,NULL,NULL,NULL,NULL),(154,NULL,NULL,NULL,NULL,NULL,NULL,NULL,NULL,NULL,NULL,'2030025349',35,106,NULL,NULL,NULL,NULL,NULL,NULL,NULL,NULL,NULL,NULL,NULL),(155,NULL,NULL,NULL,NULL,NULL,NULL,NULL,NULL,NULL,NULL,'2030025351',0,107,NULL,NULL,NULL,NULL,NULL,NULL,NULL,NULL,NULL,NULL,NULL),(156,NULL,NULL,NULL,NULL,NULL,NULL,NULL,NULL,NULL,NULL,'2030092886',131,108,NULL,NULL,NULL,NULL,NULL,NULL,NULL,NULL,NULL,NULL,NULL),(157,NULL,NULL,NULL,NULL,NULL,NULL,NULL,NULL,NULL,NULL,'2030025373',177,109,NULL,NULL,NULL,NULL,NULL,NULL,NULL,NULL,NULL,NULL,NULL),(158,NULL,NULL,NULL,NULL,NULL,NULL,NULL,NULL,NULL,NULL,'2030025424',111,110,NULL,NULL,NULL,NULL,NULL,NULL,NULL,NULL,NULL,NULL,NULL),(159,NULL,NULL,NULL,NULL,NULL,NULL,NULL,NULL,NULL,NULL,'2030025417',324,111,NULL,NULL,NULL,NULL,NULL,NULL,NULL,NULL,NULL,NULL,NULL),(160,NULL,NULL,NULL,NULL,NULL,NULL,NULL,NULL,NULL,NULL,'2030025423',323,112,NULL,NULL,NULL,NULL,NULL,NULL,NULL,NULL,NULL,NULL,NULL),(161,NULL,NULL,NULL,NULL,NULL,NULL,NULL,NULL,NULL,NULL,'2030025426',107,113,NULL,NULL,NULL,NULL,NULL,NULL,NULL,NULL,NULL,NULL,NULL),(162,NULL,NULL,NULL,NULL,NULL,NULL,NULL,NULL,NULL,NULL,'2030025422',145,114,NULL,NULL,NULL,NULL,NULL,NULL,NULL,NULL,NULL,NULL,NULL),(163,NULL,NULL,NULL,NULL,NULL,NULL,NULL,NULL,NULL,NULL,'2030025416',0,115,NULL,NULL,NULL,NULL,NULL,NULL,NULL,NULL,NULL,NULL,NULL),(164,NULL,NULL,NULL,NULL,NULL,NULL,NULL,NULL,NULL,NULL,'2030025420',153,116,NULL,NULL,NULL,NULL,NULL,NULL,NULL,NULL,NULL,NULL,NULL),(165,NULL,NULL,NULL,NULL,NULL,NULL,NULL,NULL,NULL,NULL,'2030025421',153,116,NULL,NULL,NULL,NULL,NULL,NULL,NULL,NULL,NULL,NULL,NULL),(166,NULL,NULL,NULL,NULL,NULL,NULL,NULL,NULL,NULL,NULL,'2030025415',0,117,NULL,NULL,NULL,NULL,NULL,NULL,NULL,NULL,NULL,NULL,NULL),(167,NULL,NULL,NULL,NULL,NULL,NULL,NULL,NULL,NULL,NULL,'2030025413',0,118,NULL,NULL,NULL,NULL,NULL,NULL,NULL,NULL,NULL,NULL,NULL),(168,NULL,NULL,NULL,NULL,NULL,NULL,NULL,NULL,NULL,NULL,'2030025419',253,119,NULL,NULL,NULL,NULL,NULL,NULL,NULL,NULL,NULL,NULL,NULL),(169,NULL,NULL,NULL,NULL,NULL,NULL,NULL,NULL,NULL,NULL,'2030025414',331,120,NULL,NULL,NULL,NULL,NULL,NULL,NULL,NULL,NULL,NULL,NULL),(170,NULL,NULL,NULL,NULL,NULL,NULL,NULL,NULL,NULL,NULL,'2030025360',180,121,NULL,NULL,NULL,NULL,NULL,NULL,NULL,NULL,NULL,NULL,NULL),(171,NULL,NULL,NULL,NULL,NULL,NULL,NULL,NULL,NULL,NULL,'2030025361',184,121,NULL,NULL,NULL,NULL,NULL,NULL,NULL,NULL,NULL,NULL,NULL),(172,NULL,NULL,NULL,NULL,NULL,NULL,NULL,NULL,NULL,NULL,'2030025359',244,122,NULL,NULL,NULL,NULL,NULL,NULL,NULL,NULL,NULL,NULL,NULL),(173,NULL,NULL,NULL,NULL,NULL,NULL,NULL,NULL,NULL,NULL,'2030025352',242,123,NULL,NULL,NULL,NULL,NULL,NULL,NULL,NULL,NULL,NULL,NULL),(174,NULL,NULL,NULL,NULL,NULL,NULL,NULL,NULL,NULL,NULL,'2030025357',0,124,NULL,NULL,NULL,NULL,NULL,NULL,NULL,NULL,NULL,NULL,NULL),(175,NULL,NULL,NULL,NULL,NULL,NULL,NULL,NULL,NULL,NULL,'2030025598',139,125,NULL,NULL,NULL,NULL,NULL,NULL,NULL,NULL,NULL,NULL,NULL),(176,NULL,NULL,NULL,NULL,NULL,NULL,NULL,NULL,NULL,NULL,'2030025599',139,125,NULL,NULL,NULL,NULL,NULL,NULL,NULL,NULL,NULL,NULL,NULL),(177,NULL,NULL,NULL,NULL,NULL,NULL,NULL,NULL,NULL,NULL,'2030025601',132,126,NULL,NULL,NULL,NULL,NULL,NULL,NULL,NULL,NULL,NULL,NULL),(178,NULL,NULL,NULL,NULL,NULL,NULL,NULL,NULL,NULL,NULL,'2030025262',0,127,NULL,NULL,NULL,NULL,NULL,NULL,NULL,NULL,NULL,NULL,NULL),(179,NULL,NULL,NULL,NULL,NULL,NULL,NULL,NULL,NULL,NULL,'2030025267',0,128,NULL,NULL,NULL,NULL,NULL,NULL,NULL,NULL,NULL,NULL,NULL),(180,NULL,NULL,NULL,NULL,NULL,NULL,NULL,NULL,NULL,NULL,'2030025757',0,129,NULL,NULL,NULL,NULL,NULL,NULL,NULL,NULL,NULL,NULL,NULL),(181,NULL,NULL,NULL,NULL,NULL,NULL,NULL,NULL,NULL,NULL,'2030025264',0,130,NULL,NULL,NULL,NULL,NULL,NULL,NULL,NULL,NULL,NULL,NULL),(182,NULL,NULL,NULL,NULL,NULL,NULL,NULL,NULL,NULL,NULL,'2030025265',0,131,NULL,NULL,NULL,NULL,NULL,NULL,NULL,NULL,NULL,NULL,NULL),(183,NULL,NULL,NULL,NULL,NULL,NULL,NULL,NULL,NULL,NULL,'2030025266',227,132,NULL,NULL,NULL,NULL,NULL,NULL,NULL,NULL,NULL,NULL,NULL),(184,NULL,NULL,NULL,NULL,NULL,NULL,NULL,NULL,NULL,NULL,'2030025261',0,133,NULL,NULL,NULL,NULL,NULL,NULL,NULL,NULL,NULL,NULL,NULL),(185,NULL,NULL,NULL,NULL,NULL,NULL,NULL,NULL,NULL,NULL,'2030025260',0,134,NULL,NULL,NULL,NULL,NULL,NULL,NULL,NULL,NULL,NULL,NULL),(186,NULL,NULL,NULL,NULL,NULL,NULL,NULL,NULL,NULL,NULL,'2030025263',343,135,NULL,NULL,NULL,NULL,NULL,NULL,NULL,NULL,NULL,NULL,NULL),(187,NULL,NULL,NULL,NULL,NULL,NULL,NULL,NULL,NULL,NULL,'2030025270',0,136,NULL,NULL,NULL,NULL,NULL,NULL,NULL,NULL,NULL,NULL,NULL),(188,NULL,NULL,NULL,NULL,NULL,NULL,NULL,NULL,NULL,NULL,'2030025269',0,137,NULL,NULL,NULL,NULL,NULL,NULL,NULL,NULL,NULL,NULL,NULL),(189,NULL,NULL,NULL,NULL,NULL,NULL,NULL,NULL,NULL,NULL,'2030025616',194,138,NULL,NULL,NULL,NULL,NULL,NULL,NULL,NULL,NULL,NULL,NULL),(190,NULL,NULL,NULL,NULL,NULL,NULL,NULL,NULL,NULL,NULL,'2030025611',202,139,NULL,NULL,NULL,NULL,NULL,NULL,NULL,NULL,NULL,NULL,NULL),(191,NULL,NULL,NULL,NULL,NULL,NULL,NULL,NULL,NULL,NULL,'2030025613',322,140,NULL,NULL,NULL,NULL,NULL,NULL,NULL,NULL,NULL,NULL,NULL),(192,NULL,NULL,NULL,NULL,NULL,NULL,NULL,NULL,NULL,NULL,'2030025614',318,141,NULL,NULL,NULL,NULL,NULL,NULL,NULL,NULL,NULL,NULL,NULL),(193,NULL,NULL,NULL,NULL,NULL,NULL,NULL,NULL,NULL,NULL,'2030025615',199,142,NULL,NULL,NULL,NULL,NULL,NULL,NULL,NULL,NULL,NULL,NULL),(194,NULL,NULL,NULL,NULL,NULL,NULL,NULL,NULL,NULL,NULL,'2030025612',282,143,NULL,NULL,NULL,NULL,NULL,NULL,NULL,NULL,NULL,NULL,NULL),(195,NULL,NULL,NULL,NULL,NULL,NULL,NULL,NULL,NULL,NULL,'2030025298',217,144,NULL,NULL,NULL,NULL,NULL,NULL,NULL,NULL,NULL,NULL,NULL),(196,NULL,NULL,NULL,NULL,NULL,NULL,NULL,NULL,NULL,NULL,'2030025291',232,146,NULL,NULL,NULL,NULL,NULL,NULL,NULL,NULL,NULL,NULL,NULL),(197,NULL,NULL,NULL,NULL,NULL,NULL,NULL,NULL,NULL,NULL,'2030025290',231,147,NULL,NULL,NULL,NULL,NULL,NULL,NULL,NULL,NULL,NULL,NULL),(198,NULL,NULL,NULL,NULL,NULL,NULL,NULL,NULL,NULL,NULL,'2030025292',233,148,NULL,NULL,NULL,NULL,NULL,NULL,NULL,NULL,NULL,NULL,NULL),(199,NULL,NULL,NULL,NULL,NULL,NULL,NULL,NULL,NULL,NULL,'2030025253',5,149,NULL,NULL,NULL,NULL,NULL,NULL,NULL,NULL,NULL,NULL,NULL),(200,NULL,NULL,NULL,NULL,NULL,NULL,NULL,NULL,NULL,NULL,'2030025254',5,149,NULL,NULL,NULL,NULL,NULL,NULL,NULL,NULL,NULL,NULL,NULL),(201,NULL,NULL,NULL,NULL,NULL,NULL,NULL,NULL,NULL,NULL,'2030025255',5,149,NULL,NULL,NULL,NULL,NULL,NULL,NULL,NULL,NULL,NULL,NULL),(202,NULL,NULL,NULL,NULL,NULL,NULL,NULL,NULL,NULL,NULL,'2030025289',207,150,NULL,NULL,NULL,NULL,NULL,NULL,NULL,NULL,NULL,NULL,NULL),(203,NULL,NULL,NULL,NULL,NULL,NULL,NULL,NULL,NULL,NULL,'2030025288',0,151,NULL,NULL,NULL,NULL,NULL,NULL,NULL,NULL,NULL,NULL,NULL),(204,NULL,NULL,NULL,NULL,NULL,NULL,NULL,NULL,NULL,NULL,'2030025287',123,152,NULL,NULL,NULL,NULL,NULL,NULL,NULL,NULL,NULL,NULL,NULL),(205,NULL,NULL,NULL,NULL,NULL,NULL,NULL,NULL,NULL,NULL,'2030025282',230,153,NULL,NULL,NULL,NULL,NULL,NULL,NULL,NULL,NULL,NULL,NULL),(206,NULL,NULL,NULL,NULL,NULL,NULL,NULL,NULL,NULL,NULL,'2030025285',213,154,NULL,NULL,NULL,NULL,NULL,NULL,NULL,NULL,NULL,NULL,NULL),(207,NULL,NULL,NULL,NULL,NULL,NULL,NULL,NULL,NULL,NULL,'2030025279',211,155,NULL,NULL,NULL,NULL,NULL,NULL,NULL,NULL,NULL,NULL,NULL),(208,NULL,NULL,NULL,NULL,NULL,NULL,NULL,NULL,NULL,NULL,'2030025276',0,156,NULL,NULL,NULL,NULL,NULL,NULL,NULL,NULL,NULL,NULL,NULL),(209,NULL,NULL,NULL,NULL,NULL,NULL,NULL,NULL,NULL,NULL,'2030025273',228,157,NULL,NULL,NULL,NULL,NULL,NULL,NULL,NULL,NULL,NULL,NULL),(210,NULL,NULL,NULL,NULL,NULL,NULL,NULL,NULL,NULL,NULL,'2030025281',0,158,NULL,NULL,NULL,NULL,NULL,NULL,NULL,NULL,NULL,NULL,NULL),(211,NULL,NULL,NULL,NULL,NULL,NULL,NULL,NULL,NULL,NULL,'2030025272',0,159,NULL,NULL,NULL,NULL,NULL,NULL,NULL,NULL,NULL,NULL,NULL),(212,NULL,NULL,NULL,NULL,NULL,NULL,NULL,NULL,NULL,NULL,'2030025277',229,160,NULL,NULL,NULL,NULL,NULL,NULL,NULL,NULL,NULL,NULL,NULL),(213,NULL,NULL,NULL,NULL,NULL,NULL,NULL,NULL,NULL,NULL,'2030025271',0,161,NULL,NULL,NULL,NULL,NULL,NULL,NULL,NULL,NULL,NULL,NULL),(214,NULL,NULL,NULL,NULL,NULL,NULL,NULL,NULL,NULL,NULL,'2030025274',0,162,NULL,NULL,NULL,NULL,NULL,NULL,NULL,NULL,NULL,NULL,NULL),(215,NULL,NULL,NULL,NULL,NULL,NULL,NULL,NULL,NULL,NULL,'2030025275',0,163,NULL,NULL,NULL,NULL,NULL,NULL,NULL,NULL,NULL,NULL,NULL),(216,NULL,NULL,NULL,NULL,NULL,NULL,NULL,NULL,NULL,NULL,'2030025280',0,164,NULL,NULL,NULL,NULL,NULL,NULL,NULL,NULL,NULL,NULL,NULL),(217,NULL,NULL,NULL,NULL,NULL,NULL,NULL,NULL,NULL,NULL,'2030025283',0,165,NULL,NULL,NULL,NULL,NULL,NULL,NULL,NULL,NULL,NULL,NULL),(218,NULL,NULL,NULL,NULL,NULL,NULL,NULL,NULL,NULL,NULL,'2030025284',320,166,NULL,NULL,NULL,NULL,NULL,NULL,NULL,NULL,NULL,NULL,NULL),(219,NULL,NULL,NULL,NULL,NULL,NULL,NULL,NULL,NULL,NULL,'2030025286',0,167,NULL,NULL,NULL,NULL,NULL,NULL,NULL,NULL,NULL,NULL,NULL),(220,NULL,NULL,NULL,NULL,NULL,NULL,NULL,NULL,NULL,NULL,'2030025455',73,168,NULL,NULL,NULL,NULL,NULL,NULL,NULL,NULL,NULL,NULL,NULL),(221,NULL,NULL,NULL,NULL,NULL,NULL,NULL,NULL,NULL,NULL,'2030090755',45,169,NULL,NULL,NULL,NULL,NULL,NULL,NULL,NULL,NULL,NULL,NULL),(222,NULL,NULL,NULL,NULL,NULL,NULL,NULL,NULL,NULL,NULL,'2030025451',75,170,NULL,NULL,NULL,NULL,NULL,NULL,NULL,NULL,NULL,NULL,NULL),(223,NULL,NULL,NULL,NULL,NULL,NULL,NULL,NULL,NULL,NULL,'2030025452',NULL,170,NULL,NULL,NULL,NULL,NULL,NULL,NULL,NULL,NULL,NULL,NULL),(224,NULL,NULL,NULL,NULL,NULL,NULL,NULL,NULL,NULL,NULL,'2030025454',99,171,NULL,NULL,NULL,NULL,NULL,NULL,NULL,NULL,NULL,NULL,NULL),(225,NULL,NULL,NULL,NULL,NULL,NULL,NULL,NULL,NULL,NULL,'2030025448',88,172,NULL,NULL,NULL,NULL,NULL,NULL,NULL,NULL,NULL,NULL,NULL),(226,NULL,NULL,NULL,NULL,NULL,NULL,NULL,NULL,NULL,NULL,'2030025449',146,173,NULL,NULL,NULL,NULL,NULL,NULL,NULL,NULL,NULL,NULL,NULL),(227,NULL,NULL,NULL,NULL,NULL,NULL,NULL,NULL,NULL,NULL,'2030025450',146,173,NULL,NULL,NULL,NULL,NULL,NULL,NULL,NULL,NULL,NULL,NULL),(228,NULL,NULL,NULL,NULL,NULL,NULL,NULL,NULL,NULL,NULL,'2030025453',256,174,NULL,NULL,NULL,NULL,NULL,NULL,NULL,NULL,NULL,NULL,NULL),(229,NULL,NULL,NULL,NULL,NULL,NULL,NULL,NULL,NULL,NULL,'2030025447',96,176,NULL,NULL,NULL,NULL,NULL,NULL,NULL,NULL,NULL,NULL,NULL),(230,NULL,NULL,NULL,NULL,NULL,NULL,NULL,NULL,NULL,NULL,'2030094039',96,176,NULL,NULL,NULL,NULL,NULL,NULL,NULL,NULL,NULL,NULL,NULL),(231,NULL,NULL,NULL,NULL,NULL,NULL,NULL,NULL,NULL,NULL,'2030025444',78,177,NULL,NULL,NULL,NULL,NULL,NULL,NULL,NULL,NULL,NULL,NULL),(232,NULL,NULL,NULL,NULL,NULL,NULL,NULL,NULL,NULL,NULL,'2030025446',4,178,NULL,NULL,NULL,NULL,NULL,NULL,NULL,NULL,NULL,NULL,NULL),(233,NULL,NULL,NULL,NULL,NULL,NULL,NULL,NULL,NULL,NULL,'2030025443',84,179,NULL,NULL,NULL,NULL,NULL,NULL,NULL,NULL,NULL,NULL,NULL),(234,NULL,NULL,NULL,NULL,NULL,NULL,NULL,NULL,NULL,NULL,'2030025442',255,180,NULL,NULL,NULL,NULL,NULL,NULL,NULL,NULL,NULL,NULL,NULL),(235,NULL,NULL,NULL,NULL,NULL,NULL,NULL,NULL,NULL,NULL,'2030025409',135,181,NULL,NULL,NULL,NULL,NULL,NULL,NULL,NULL,NULL,NULL,NULL),(236,NULL,NULL,NULL,NULL,NULL,NULL,NULL,NULL,NULL,NULL,'2030025410',135,181,NULL,NULL,NULL,NULL,NULL,NULL,NULL,NULL,NULL,NULL,NULL),(237,NULL,NULL,NULL,NULL,NULL,NULL,NULL,NULL,NULL,NULL,'2030025411',135,181,NULL,NULL,NULL,NULL,NULL,NULL,NULL,NULL,NULL,NULL,NULL),(238,NULL,NULL,NULL,NULL,NULL,NULL,NULL,NULL,NULL,NULL,'2030025412',135,181,NULL,NULL,NULL,NULL,NULL,NULL,NULL,NULL,NULL,NULL,NULL),(239,NULL,NULL,NULL,NULL,NULL,NULL,NULL,NULL,NULL,NULL,'2030025408',130,182,NULL,NULL,NULL,NULL,NULL,NULL,NULL,NULL,NULL,NULL,NULL),(240,NULL,NULL,NULL,NULL,NULL,NULL,NULL,NULL,NULL,NULL,'2030025407',9,183,NULL,NULL,NULL,NULL,NULL,NULL,NULL,NULL,NULL,NULL,NULL),(241,NULL,NULL,NULL,NULL,NULL,NULL,NULL,NULL,NULL,NULL,'2030025405',218,184,NULL,NULL,NULL,NULL,NULL,NULL,NULL,NULL,NULL,NULL,NULL),(242,NULL,NULL,NULL,NULL,NULL,NULL,NULL,NULL,NULL,NULL,'2030025406',218,184,NULL,NULL,NULL,NULL,NULL,NULL,NULL,NULL,NULL,NULL,NULL),(243,NULL,NULL,NULL,NULL,NULL,NULL,NULL,NULL,NULL,NULL,'2030025399',141,185,NULL,NULL,NULL,NULL,NULL,NULL,NULL,NULL,NULL,NULL,NULL),(244,NULL,NULL,NULL,NULL,NULL,NULL,NULL,NULL,NULL,NULL,'2030025588',206,186,NULL,NULL,NULL,NULL,NULL,NULL,NULL,NULL,NULL,NULL,NULL),(245,NULL,NULL,NULL,NULL,NULL,NULL,NULL,NULL,NULL,NULL,'2030025589',206,186,NULL,NULL,NULL,NULL,NULL,NULL,NULL,NULL,NULL,NULL,NULL),(246,NULL,NULL,NULL,NULL,NULL,NULL,NULL,NULL,NULL,NULL,'2030025592',279,187,NULL,NULL,NULL,NULL,NULL,NULL,NULL,NULL,NULL,NULL,NULL),(247,NULL,NULL,NULL,NULL,NULL,NULL,NULL,NULL,NULL,NULL,'2030025593',279,187,NULL,NULL,NULL,NULL,NULL,NULL,NULL,NULL,NULL,NULL,NULL),(248,NULL,NULL,NULL,NULL,NULL,NULL,NULL,NULL,NULL,NULL,'2030025581',344,188,NULL,NULL,NULL,NULL,NULL,NULL,NULL,NULL,NULL,NULL,NULL),(249,NULL,NULL,NULL,NULL,NULL,NULL,NULL,NULL,NULL,NULL,'2030025509',49,189,NULL,NULL,NULL,NULL,NULL,NULL,NULL,NULL,NULL,NULL,NULL),(250,NULL,NULL,NULL,NULL,NULL,NULL,NULL,NULL,NULL,NULL,'2030025706',308,190,NULL,NULL,NULL,NULL,NULL,NULL,NULL,NULL,NULL,NULL,NULL),(251,130.00,'',2,80.00,0.00,'\0',NULL,NULL,'\0','','2030025705',307,190,2,0,0,'Other','3',2,'Medium environmental sensitivity','\0',NULL,NULL,NULL),(252,NULL,NULL,NULL,NULL,NULL,NULL,NULL,NULL,NULL,NULL,'2030025704',306,190,NULL,NULL,NULL,NULL,NULL,NULL,NULL,NULL,NULL,NULL,NULL),(253,NULL,NULL,NULL,NULL,NULL,NULL,NULL,NULL,NULL,NULL,'2030025703',110,191,NULL,NULL,NULL,NULL,NULL,NULL,NULL,NULL,NULL,NULL,NULL),(254,140.00,'',2,100.00,0.00,'\0',NULL,NULL,'\0','','2030025707',110,191,2,0,0,'Single Family','3',2,'Medium environmental sensitivity','\0',NULL,NULL,NULL),(255,NULL,NULL,NULL,NULL,NULL,NULL,NULL,NULL,NULL,NULL,'2030025702',190,191,NULL,NULL,NULL,NULL,NULL,NULL,NULL,NULL,NULL,NULL,NULL),(256,NULL,NULL,NULL,NULL,NULL,NULL,NULL,NULL,NULL,NULL,'2030025701',170,191,NULL,NULL,NULL,NULL,NULL,NULL,NULL,NULL,NULL,NULL,NULL),(257,NULL,NULL,NULL,NULL,NULL,NULL,NULL,NULL,NULL,NULL,'2030025591',191,194,NULL,NULL,NULL,NULL,NULL,NULL,NULL,NULL,NULL,NULL,NULL),(258,NULL,NULL,NULL,NULL,NULL,NULL,NULL,NULL,NULL,NULL,'2030025590',0,195,NULL,NULL,NULL,NULL,NULL,NULL,NULL,NULL,NULL,NULL,NULL),(259,NULL,NULL,NULL,NULL,NULL,NULL,NULL,NULL,NULL,NULL,'2030094288',316,196,NULL,NULL,NULL,NULL,NULL,NULL,NULL,NULL,NULL,NULL,NULL),(260,NULL,NULL,NULL,NULL,NULL,NULL,NULL,NULL,NULL,NULL,'2030094536',316,196,NULL,NULL,NULL,NULL,NULL,NULL,NULL,NULL,NULL,NULL,NULL),(261,NULL,NULL,NULL,NULL,NULL,NULL,NULL,NULL,NULL,NULL,'2030094537',316,196,NULL,NULL,NULL,NULL,NULL,NULL,NULL,NULL,NULL,NULL,NULL),(262,NULL,NULL,NULL,NULL,NULL,NULL,NULL,NULL,NULL,NULL,'2030025609',0,197,NULL,NULL,NULL,NULL,NULL,NULL,NULL,NULL,NULL,NULL,NULL),(263,NULL,NULL,NULL,NULL,NULL,NULL,NULL,NULL,NULL,NULL,'2030025610',0,197,NULL,NULL,NULL,NULL,NULL,NULL,NULL,NULL,NULL,NULL,NULL),(264,NULL,NULL,NULL,NULL,NULL,NULL,NULL,NULL,NULL,NULL,'2030025539',0,198,NULL,NULL,NULL,NULL,NULL,NULL,NULL,NULL,NULL,NULL,NULL),(265,NULL,NULL,NULL,NULL,NULL,NULL,NULL,NULL,NULL,NULL,'2030025304',234,199,NULL,NULL,NULL,NULL,NULL,NULL,NULL,NULL,NULL,NULL,NULL),(266,NULL,NULL,NULL,NULL,NULL,NULL,NULL,NULL,NULL,NULL,'2030025305',234,199,NULL,NULL,NULL,NULL,NULL,NULL,NULL,NULL,NULL,NULL,NULL),(267,NULL,NULL,NULL,NULL,NULL,NULL,NULL,NULL,NULL,NULL,'2030092349',234,199,NULL,NULL,NULL,NULL,NULL,NULL,NULL,NULL,NULL,NULL,NULL),(268,NULL,NULL,NULL,NULL,NULL,NULL,NULL,NULL,NULL,NULL,'2030025540',117,200,NULL,NULL,NULL,NULL,NULL,NULL,NULL,NULL,NULL,NULL,NULL),(269,NULL,NULL,NULL,NULL,NULL,NULL,NULL,NULL,NULL,NULL,'2030025306',174,201,NULL,NULL,NULL,NULL,NULL,NULL,NULL,NULL,NULL,NULL,NULL),(270,NULL,NULL,NULL,NULL,NULL,NULL,NULL,NULL,NULL,NULL,'2030025307',109,202,NULL,NULL,NULL,NULL,NULL,NULL,NULL,NULL,NULL,NULL,NULL),(271,NULL,NULL,NULL,NULL,NULL,NULL,NULL,NULL,NULL,NULL,'2030025308',192,203,NULL,NULL,NULL,NULL,NULL,NULL,NULL,NULL,NULL,NULL,NULL),(272,NULL,NULL,NULL,NULL,NULL,NULL,NULL,NULL,NULL,NULL,'2030025309',192,203,NULL,NULL,NULL,NULL,NULL,NULL,NULL,NULL,NULL,NULL,NULL),(273,NULL,NULL,NULL,NULL,NULL,NULL,NULL,NULL,NULL,NULL,'2030025310',192,203,NULL,NULL,NULL,NULL,NULL,NULL,NULL,NULL,NULL,NULL,NULL),(274,NULL,NULL,NULL,NULL,NULL,NULL,NULL,NULL,NULL,NULL,'2030025311',192,203,NULL,NULL,NULL,NULL,NULL,NULL,NULL,NULL,NULL,NULL,NULL),(275,NULL,NULL,NULL,NULL,NULL,NULL,NULL,NULL,NULL,NULL,'2030025312',192,203,NULL,NULL,NULL,NULL,NULL,NULL,NULL,NULL,NULL,NULL,NULL),(276,NULL,NULL,NULL,NULL,NULL,NULL,NULL,NULL,NULL,NULL,'2030025541',277,204,NULL,NULL,NULL,NULL,NULL,NULL,NULL,NULL,NULL,NULL,NULL),(277,NULL,NULL,NULL,NULL,NULL,NULL,NULL,NULL,NULL,NULL,'2030025542',277,204,NULL,NULL,NULL,NULL,NULL,NULL,NULL,NULL,NULL,NULL,NULL),(278,NULL,NULL,NULL,NULL,NULL,NULL,NULL,NULL,NULL,NULL,'2030025543',277,204,NULL,NULL,NULL,NULL,NULL,NULL,NULL,NULL,NULL,NULL,NULL),(279,NULL,NULL,NULL,NULL,NULL,NULL,NULL,NULL,NULL,NULL,'2030025544',277,204,NULL,NULL,NULL,NULL,NULL,NULL,NULL,NULL,NULL,NULL,NULL),(280,NULL,NULL,NULL,NULL,NULL,NULL,NULL,NULL,NULL,NULL,'2030025545',277,204,NULL,NULL,NULL,NULL,NULL,NULL,NULL,NULL,NULL,NULL,NULL),(281,NULL,NULL,NULL,NULL,NULL,NULL,NULL,NULL,NULL,NULL,'2030025314',21,205,NULL,NULL,NULL,NULL,NULL,NULL,NULL,NULL,NULL,NULL,NULL),(282,NULL,NULL,NULL,NULL,NULL,NULL,NULL,NULL,NULL,NULL,'2030025315',21,205,NULL,NULL,NULL,NULL,NULL,NULL,NULL,NULL,NULL,NULL,NULL),(283,NULL,NULL,NULL,NULL,NULL,NULL,NULL,NULL,NULL,NULL,'2030025316',21,205,NULL,NULL,NULL,NULL,NULL,NULL,NULL,NULL,NULL,NULL,NULL),(284,NULL,NULL,NULL,NULL,NULL,NULL,NULL,NULL,NULL,NULL,'2030025317',21,205,NULL,NULL,NULL,NULL,NULL,NULL,NULL,NULL,NULL,NULL,NULL),(285,NULL,NULL,NULL,NULL,NULL,NULL,NULL,NULL,NULL,NULL,'2030025318',21,205,NULL,NULL,NULL,NULL,NULL,NULL,NULL,NULL,NULL,NULL,NULL),(286,NULL,NULL,NULL,NULL,NULL,NULL,NULL,NULL,NULL,NULL,'2030025547',20,206,NULL,NULL,NULL,NULL,NULL,NULL,NULL,NULL,NULL,NULL,NULL),(287,NULL,NULL,NULL,NULL,NULL,NULL,NULL,NULL,NULL,NULL,'2030025548',NULL,493,NULL,NULL,NULL,NULL,NULL,NULL,NULL,NULL,NULL,NULL,NULL),(288,NULL,NULL,NULL,NULL,NULL,NULL,NULL,NULL,NULL,NULL,'2030025320',NULL,207,NULL,NULL,NULL,NULL,NULL,NULL,NULL,NULL,NULL,NULL,NULL),(289,NULL,NULL,NULL,NULL,NULL,NULL,NULL,NULL,NULL,NULL,'2030025321',NULL,207,NULL,NULL,NULL,NULL,NULL,NULL,NULL,NULL,NULL,NULL,NULL),(290,134.00,'',1,1000.00,0.00,'\0',NULL,NULL,'\0','','2030025549',31,208,1,0,0,'Single Family','2',2,'Medium environmental sensitivity','\0',NULL,NULL,NULL),(291,NULL,NULL,NULL,NULL,NULL,NULL,NULL,NULL,NULL,NULL,'2030025322',103,209,NULL,NULL,NULL,NULL,NULL,NULL,NULL,NULL,NULL,NULL,NULL),(292,NULL,NULL,NULL,NULL,NULL,NULL,NULL,NULL,NULL,NULL,'2030025325',237,211,NULL,NULL,NULL,NULL,NULL,NULL,NULL,NULL,NULL,NULL,NULL),(293,NULL,NULL,NULL,NULL,NULL,NULL,NULL,NULL,NULL,NULL,'2030025551',278,212,NULL,NULL,NULL,NULL,NULL,NULL,NULL,NULL,NULL,NULL,NULL),(294,NULL,NULL,NULL,NULL,NULL,NULL,NULL,NULL,NULL,NULL,'2030025326',68,213,NULL,NULL,NULL,NULL,NULL,NULL,NULL,NULL,NULL,NULL,NULL),(295,NULL,NULL,NULL,NULL,NULL,NULL,NULL,NULL,NULL,NULL,'2030025552',172,214,NULL,NULL,NULL,NULL,NULL,NULL,NULL,NULL,NULL,NULL,NULL),(296,40.00,'\0',3,50.00,0.00,'\0',NULL,NULL,'\0','','2030025553',172,214,0,0,0,'House','1',1,'Low environmental sensitivity','\0',NULL,NULL,NULL),(297,NULL,NULL,NULL,NULL,NULL,NULL,NULL,NULL,NULL,NULL,'2030025336',165,215,NULL,NULL,NULL,NULL,NULL,NULL,NULL,NULL,NULL,NULL,NULL),(298,NULL,NULL,NULL,NULL,NULL,NULL,NULL,NULL,NULL,NULL,'2030025554',0,216,NULL,NULL,NULL,NULL,NULL,NULL,NULL,NULL,NULL,NULL,NULL),(299,NULL,NULL,NULL,NULL,NULL,NULL,NULL,NULL,NULL,NULL,'2030025337',239,217,NULL,NULL,NULL,NULL,NULL,NULL,NULL,NULL,NULL,NULL,NULL),(300,NULL,NULL,NULL,NULL,NULL,NULL,NULL,NULL,NULL,NULL,'2030025338',239,217,NULL,NULL,NULL,NULL,NULL,NULL,NULL,NULL,NULL,NULL,NULL),(301,NULL,NULL,NULL,NULL,NULL,NULL,NULL,NULL,NULL,NULL,'2030025555',NULL,218,NULL,NULL,NULL,NULL,NULL,NULL,NULL,NULL,NULL,NULL,NULL),(302,NULL,NULL,NULL,NULL,NULL,NULL,NULL,NULL,NULL,NULL,'2030025556',92,218,NULL,NULL,NULL,NULL,NULL,NULL,NULL,NULL,NULL,NULL,NULL),(303,NULL,NULL,NULL,NULL,NULL,NULL,NULL,NULL,NULL,NULL,'2030025557',17,218,NULL,NULL,NULL,NULL,NULL,NULL,NULL,NULL,NULL,NULL,NULL),(304,NULL,NULL,NULL,NULL,NULL,NULL,NULL,NULL,NULL,NULL,'2030025339',196,219,NULL,NULL,NULL,NULL,NULL,NULL,NULL,NULL,NULL,NULL,NULL),(305,210.00,'\0',1,150.00,0.00,'\0',NULL,NULL,'\0','','2030025340',110,220,0,0,0,'Single Family','2',2,'Medium environmental sensitivity','\0',NULL,NULL,NULL),(306,NULL,NULL,NULL,NULL,NULL,NULL,NULL,NULL,NULL,NULL,'2030025343',240,221,NULL,NULL,NULL,NULL,NULL,NULL,NULL,NULL,NULL,NULL,NULL),(307,NULL,NULL,NULL,NULL,NULL,NULL,NULL,NULL,NULL,NULL,'2030025558',97,222,NULL,NULL,NULL,NULL,NULL,NULL,NULL,NULL,NULL,NULL,NULL),(308,NULL,NULL,NULL,NULL,NULL,NULL,NULL,NULL,NULL,NULL,'2030025559',97,222,NULL,NULL,NULL,NULL,NULL,NULL,NULL,NULL,NULL,NULL,NULL),(309,NULL,NULL,NULL,NULL,NULL,NULL,NULL,NULL,NULL,NULL,'2030025560',97,222,NULL,NULL,NULL,NULL,NULL,NULL,NULL,NULL,NULL,NULL,NULL),(310,NULL,NULL,NULL,NULL,NULL,NULL,NULL,NULL,NULL,NULL,'2030025345',100,223,NULL,NULL,NULL,NULL,NULL,NULL,NULL,NULL,NULL,NULL,NULL),(311,NULL,NULL,NULL,NULL,NULL,NULL,NULL,NULL,NULL,NULL,'2030025561',19,224,NULL,NULL,NULL,NULL,NULL,NULL,NULL,NULL,NULL,NULL,NULL),(312,NULL,NULL,NULL,NULL,NULL,NULL,NULL,NULL,NULL,NULL,'2030025562',19,224,NULL,NULL,NULL,NULL,NULL,NULL,NULL,NULL,NULL,NULL,NULL),(313,250.00,'',0,100.00,0.00,NULL,NULL,NULL,'\0','','2030025355',101,225,0,0,0,'Single Family','1',0,'Medium environmental sensitivity','\0',NULL,NULL,NULL),(314,NULL,NULL,NULL,NULL,NULL,NULL,NULL,NULL,NULL,NULL,'2030025564',0,226,NULL,NULL,NULL,NULL,NULL,NULL,NULL,NULL,NULL,NULL,NULL),(315,NULL,NULL,NULL,NULL,NULL,NULL,NULL,NULL,NULL,NULL,'2030025356',138,227,NULL,NULL,NULL,NULL,NULL,NULL,NULL,NULL,NULL,NULL,NULL),(316,NULL,NULL,NULL,NULL,NULL,NULL,NULL,NULL,NULL,NULL,'2030025565',125,228,NULL,NULL,NULL,NULL,NULL,NULL,NULL,NULL,NULL,NULL,NULL),(317,NULL,NULL,NULL,NULL,NULL,NULL,NULL,NULL,NULL,NULL,'2030025363',60,229,NULL,NULL,NULL,NULL,NULL,NULL,NULL,NULL,NULL,NULL,NULL),(318,NULL,NULL,NULL,NULL,NULL,NULL,NULL,NULL,NULL,NULL,'2030025365',166,230,NULL,NULL,NULL,NULL,NULL,NULL,NULL,NULL,NULL,NULL,NULL),(319,NULL,NULL,NULL,NULL,NULL,NULL,NULL,NULL,NULL,NULL,'2030025384',116,231,NULL,NULL,NULL,NULL,NULL,NULL,NULL,NULL,NULL,NULL,NULL),(320,NULL,NULL,NULL,NULL,NULL,NULL,NULL,NULL,NULL,NULL,'2030025381',249,232,NULL,NULL,NULL,NULL,NULL,NULL,NULL,NULL,NULL,NULL,NULL),(321,NULL,NULL,NULL,NULL,NULL,NULL,NULL,NULL,NULL,NULL,'2030025566',91,233,NULL,NULL,NULL,NULL,NULL,NULL,NULL,NULL,NULL,NULL,NULL),(322,NULL,NULL,NULL,NULL,NULL,NULL,NULL,NULL,NULL,NULL,'2030025567',91,233,NULL,NULL,NULL,NULL,NULL,NULL,NULL,NULL,NULL,NULL,NULL),(323,NULL,NULL,NULL,NULL,NULL,NULL,NULL,NULL,NULL,NULL,'2030025568',91,233,NULL,NULL,NULL,NULL,NULL,NULL,NULL,NULL,NULL,NULL,NULL),(324,NULL,NULL,NULL,NULL,NULL,NULL,NULL,NULL,NULL,NULL,'2030025569',91,233,NULL,NULL,NULL,NULL,NULL,NULL,NULL,NULL,NULL,NULL,NULL),(325,NULL,NULL,NULL,NULL,NULL,NULL,NULL,NULL,NULL,NULL,'2030025570',91,233,NULL,NULL,NULL,NULL,NULL,NULL,NULL,NULL,NULL,NULL,NULL),(326,NULL,NULL,NULL,NULL,NULL,NULL,NULL,NULL,NULL,NULL,'2030025571',189,234,NULL,NULL,NULL,NULL,NULL,NULL,NULL,NULL,NULL,NULL,NULL),(327,NULL,NULL,NULL,NULL,NULL,NULL,NULL,NULL,NULL,NULL,'2030025572',189,234,NULL,NULL,NULL,NULL,NULL,NULL,NULL,NULL,NULL,NULL,NULL),(328,NULL,NULL,NULL,NULL,NULL,NULL,NULL,NULL,NULL,NULL,'2030025573',189,234,NULL,NULL,NULL,NULL,NULL,NULL,NULL,NULL,NULL,NULL,NULL),(329,NULL,NULL,NULL,NULL,NULL,NULL,NULL,NULL,NULL,NULL,'2030025574',NULL,235,NULL,NULL,NULL,NULL,NULL,NULL,NULL,NULL,NULL,NULL,NULL),(330,NULL,NULL,NULL,NULL,NULL,NULL,NULL,NULL,NULL,NULL,'2030025385',137,236,NULL,NULL,NULL,NULL,NULL,NULL,NULL,NULL,NULL,NULL,NULL),(331,NULL,NULL,NULL,NULL,NULL,NULL,NULL,NULL,NULL,NULL,'2030089540',137,236,NULL,NULL,NULL,NULL,NULL,NULL,NULL,NULL,NULL,NULL,NULL),(332,NULL,NULL,NULL,NULL,NULL,NULL,NULL,NULL,NULL,NULL,'2030025386',87,237,NULL,NULL,NULL,NULL,NULL,NULL,NULL,NULL,NULL,NULL,NULL),(333,NULL,NULL,NULL,NULL,NULL,NULL,NULL,NULL,NULL,NULL,'2030025387',87,237,NULL,NULL,NULL,NULL,NULL,NULL,NULL,NULL,NULL,NULL,NULL),(334,NULL,NULL,NULL,NULL,NULL,NULL,NULL,NULL,NULL,NULL,'2030025388',87,237,NULL,NULL,NULL,NULL,NULL,NULL,NULL,NULL,NULL,NULL,NULL),(335,NULL,NULL,NULL,NULL,NULL,NULL,NULL,NULL,NULL,NULL,'2030025389',87,237,NULL,NULL,NULL,NULL,NULL,NULL,NULL,NULL,NULL,NULL,NULL),(336,NULL,NULL,NULL,NULL,NULL,NULL,NULL,NULL,NULL,NULL,'2030025575',181,238,NULL,NULL,NULL,NULL,NULL,NULL,NULL,NULL,NULL,NULL,NULL),(337,NULL,NULL,NULL,NULL,NULL,NULL,NULL,NULL,NULL,NULL,'2030025390',0,239,NULL,NULL,NULL,NULL,NULL,NULL,NULL,NULL,NULL,NULL,NULL),(338,NULL,NULL,NULL,NULL,NULL,NULL,NULL,NULL,NULL,NULL,'2030025391',18,240,NULL,NULL,NULL,NULL,NULL,NULL,NULL,NULL,NULL,NULL,NULL),(339,NULL,NULL,NULL,NULL,NULL,NULL,NULL,NULL,NULL,NULL,'2030025392',18,240,NULL,NULL,NULL,NULL,NULL,NULL,NULL,NULL,NULL,NULL,NULL),(340,NULL,NULL,NULL,NULL,NULL,NULL,NULL,NULL,NULL,NULL,'2030025400',252,241,NULL,NULL,NULL,NULL,NULL,NULL,NULL,NULL,NULL,NULL,NULL),(341,NULL,NULL,NULL,NULL,NULL,NULL,NULL,NULL,NULL,NULL,'2030025401',104,242,NULL,NULL,NULL,NULL,NULL,NULL,NULL,NULL,NULL,NULL,NULL),(342,NULL,NULL,NULL,NULL,NULL,NULL,NULL,NULL,NULL,NULL,'2030025402',104,242,NULL,NULL,NULL,NULL,NULL,NULL,NULL,NULL,NULL,NULL,NULL),(343,NULL,NULL,NULL,NULL,NULL,NULL,NULL,NULL,NULL,NULL,'2030025403',104,242,NULL,NULL,NULL,NULL,NULL,NULL,NULL,NULL,NULL,NULL,NULL),(344,NULL,NULL,NULL,NULL,NULL,NULL,NULL,NULL,NULL,NULL,'2030025404',104,242,NULL,NULL,NULL,NULL,NULL,NULL,NULL,NULL,NULL,NULL,NULL),(345,NULL,NULL,NULL,NULL,NULL,NULL,NULL,NULL,NULL,NULL,'2030025576',102,243,NULL,NULL,NULL,NULL,NULL,NULL,NULL,NULL,NULL,NULL,NULL),(346,NULL,NULL,NULL,NULL,NULL,NULL,NULL,NULL,NULL,NULL,'2030025577',102,243,NULL,NULL,NULL,NULL,NULL,NULL,NULL,NULL,NULL,NULL,NULL),(347,NULL,NULL,NULL,NULL,NULL,NULL,NULL,NULL,NULL,NULL,'2030025578',102,243,NULL,NULL,NULL,NULL,NULL,NULL,NULL,NULL,NULL,NULL,NULL),(348,NULL,NULL,NULL,NULL,NULL,NULL,NULL,NULL,NULL,NULL,'2030025425',121,244,NULL,NULL,NULL,NULL,NULL,NULL,NULL,NULL,NULL,NULL,NULL),(349,NULL,NULL,NULL,NULL,NULL,NULL,NULL,NULL,NULL,NULL,'2030088372',0,245,NULL,NULL,NULL,NULL,NULL,NULL,NULL,NULL,NULL,NULL,NULL),(350,NULL,NULL,NULL,NULL,NULL,NULL,NULL,NULL,NULL,NULL,'2030087304',NULL,246,NULL,NULL,NULL,NULL,NULL,NULL,NULL,NULL,NULL,NULL,NULL),(351,NULL,NULL,NULL,NULL,NULL,NULL,NULL,NULL,NULL,NULL,'2030088366',0,246,NULL,NULL,NULL,NULL,NULL,NULL,NULL,NULL,NULL,NULL,NULL),(352,NULL,NULL,NULL,NULL,NULL,NULL,NULL,NULL,NULL,NULL,'2030088367',0,246,NULL,NULL,NULL,NULL,NULL,NULL,NULL,NULL,NULL,NULL,NULL),(353,NULL,NULL,NULL,NULL,NULL,NULL,NULL,NULL,NULL,NULL,'2030088368',0,246,NULL,NULL,NULL,NULL,NULL,NULL,NULL,NULL,NULL,NULL,NULL),(354,NULL,NULL,NULL,NULL,NULL,NULL,NULL,NULL,NULL,NULL,'2030088369',0,246,NULL,NULL,NULL,NULL,NULL,NULL,NULL,NULL,NULL,NULL,NULL),(355,NULL,NULL,NULL,NULL,NULL,NULL,NULL,NULL,NULL,NULL,'2030088370',0,246,NULL,NULL,NULL,NULL,NULL,NULL,NULL,NULL,NULL,NULL,NULL),(356,NULL,NULL,NULL,NULL,NULL,NULL,NULL,NULL,NULL,NULL,'2030088371',0,246,NULL,NULL,NULL,NULL,NULL,NULL,NULL,NULL,NULL,NULL,NULL),(357,NULL,NULL,NULL,NULL,NULL,NULL,NULL,NULL,NULL,NULL,'2030025532',0,247,NULL,NULL,NULL,NULL,NULL,NULL,NULL,NULL,NULL,NULL,NULL),(358,NULL,NULL,NULL,NULL,NULL,NULL,NULL,NULL,NULL,NULL,'2030025531',275,248,NULL,NULL,NULL,NULL,NULL,NULL,NULL,NULL,NULL,NULL,NULL),(359,NULL,NULL,NULL,NULL,NULL,NULL,NULL,NULL,NULL,NULL,'2030025434',148,249,NULL,NULL,NULL,NULL,NULL,NULL,NULL,NULL,NULL,NULL,NULL),(360,NULL,NULL,NULL,NULL,NULL,NULL,NULL,NULL,NULL,NULL,'2030025435',148,249,NULL,NULL,NULL,NULL,NULL,NULL,NULL,NULL,NULL,NULL,NULL),(361,NULL,NULL,NULL,NULL,NULL,NULL,NULL,NULL,NULL,NULL,'2030025436',148,249,NULL,NULL,NULL,NULL,NULL,NULL,NULL,NULL,NULL,NULL,NULL),(362,NULL,NULL,NULL,NULL,NULL,NULL,NULL,NULL,NULL,NULL,'2030025437',148,249,NULL,NULL,NULL,NULL,NULL,NULL,NULL,NULL,NULL,NULL,NULL),(363,NULL,NULL,NULL,NULL,NULL,NULL,NULL,NULL,NULL,NULL,'2030025529',274,250,NULL,NULL,NULL,NULL,NULL,NULL,NULL,NULL,NULL,NULL,NULL),(364,NULL,NULL,NULL,NULL,NULL,NULL,NULL,NULL,NULL,NULL,'2030025530',274,250,NULL,NULL,NULL,NULL,NULL,NULL,NULL,NULL,NULL,NULL,NULL),(365,NULL,NULL,NULL,NULL,NULL,NULL,NULL,NULL,NULL,NULL,'2030025438',144,251,NULL,NULL,NULL,NULL,NULL,NULL,NULL,NULL,NULL,NULL,NULL),(366,NULL,NULL,NULL,NULL,NULL,NULL,NULL,NULL,NULL,NULL,'2030087449',122,252,NULL,NULL,NULL,NULL,NULL,NULL,NULL,NULL,NULL,NULL,NULL),(367,NULL,NULL,NULL,NULL,NULL,NULL,NULL,NULL,NULL,NULL,'2030025523',209,253,NULL,NULL,NULL,NULL,NULL,NULL,NULL,NULL,NULL,NULL,NULL),(368,NULL,NULL,NULL,NULL,NULL,NULL,NULL,NULL,NULL,NULL,'2030025524',209,253,NULL,NULL,NULL,NULL,NULL,NULL,NULL,NULL,NULL,NULL,NULL),(369,NULL,NULL,NULL,NULL,NULL,NULL,NULL,NULL,NULL,NULL,'2030089625',11,254,NULL,NULL,NULL,NULL,NULL,NULL,NULL,NULL,NULL,NULL,NULL),(370,NULL,NULL,NULL,NULL,NULL,NULL,NULL,NULL,NULL,NULL,'2030089624',48,255,NULL,NULL,NULL,NULL,NULL,NULL,NULL,NULL,NULL,NULL,NULL),(371,NULL,NULL,NULL,NULL,NULL,NULL,NULL,NULL,NULL,NULL,'2030025520',269,256,NULL,NULL,NULL,NULL,NULL,NULL,NULL,NULL,NULL,NULL,NULL),(372,NULL,NULL,NULL,NULL,NULL,NULL,NULL,NULL,NULL,NULL,'2030089623',16,257,NULL,NULL,NULL,NULL,NULL,NULL,NULL,NULL,NULL,NULL,NULL),(373,NULL,NULL,NULL,NULL,NULL,NULL,NULL,NULL,NULL,NULL,'2030025440',118,258,NULL,NULL,NULL,NULL,NULL,NULL,NULL,NULL,NULL,NULL,NULL),(374,NULL,NULL,NULL,NULL,NULL,NULL,NULL,NULL,NULL,NULL,'2030082475',118,258,NULL,NULL,NULL,NULL,NULL,NULL,NULL,NULL,NULL,NULL,NULL),(375,NULL,NULL,NULL,NULL,NULL,NULL,NULL,NULL,NULL,NULL,'2030025519',0,259,NULL,NULL,NULL,NULL,NULL,NULL,NULL,NULL,NULL,NULL,NULL),(376,NULL,NULL,NULL,NULL,NULL,NULL,NULL,NULL,NULL,NULL,'2030025517',115,260,NULL,NULL,NULL,NULL,NULL,NULL,NULL,NULL,NULL,NULL,NULL),(377,NULL,NULL,NULL,NULL,NULL,NULL,NULL,NULL,NULL,NULL,'2030025518',115,260,NULL,NULL,NULL,NULL,NULL,NULL,NULL,NULL,NULL,NULL,NULL),(378,NULL,NULL,NULL,NULL,NULL,NULL,NULL,NULL,NULL,NULL,'2030025516',268,261,NULL,NULL,NULL,NULL,NULL,NULL,NULL,NULL,NULL,NULL,NULL),(379,NULL,NULL,NULL,NULL,NULL,NULL,NULL,NULL,NULL,NULL,'2030025515',208,262,NULL,NULL,NULL,NULL,NULL,NULL,NULL,NULL,NULL,NULL,NULL),(380,NULL,NULL,NULL,NULL,NULL,NULL,NULL,NULL,NULL,NULL,'2030025513',266,263,NULL,NULL,NULL,NULL,NULL,NULL,NULL,NULL,NULL,NULL,NULL),(381,NULL,NULL,NULL,NULL,NULL,NULL,NULL,NULL,NULL,NULL,'2030025514',267,263,NULL,NULL,NULL,NULL,NULL,NULL,NULL,NULL,NULL,NULL,NULL),(382,NULL,NULL,NULL,NULL,NULL,NULL,NULL,NULL,NULL,NULL,'2030025512',265,264,NULL,NULL,NULL,NULL,NULL,NULL,NULL,NULL,NULL,NULL,NULL),(383,NULL,NULL,NULL,NULL,NULL,NULL,NULL,NULL,NULL,NULL,'2030080500',0,265,NULL,NULL,NULL,NULL,NULL,NULL,NULL,NULL,NULL,NULL,NULL),(384,NULL,NULL,NULL,NULL,NULL,NULL,NULL,NULL,NULL,NULL,'2030025563',0,266,NULL,NULL,NULL,NULL,NULL,NULL,NULL,NULL,NULL,NULL,NULL),(385,NULL,NULL,NULL,NULL,NULL,NULL,NULL,NULL,NULL,NULL,'2030025441',0,267,NULL,NULL,NULL,NULL,NULL,NULL,NULL,NULL,NULL,NULL,NULL),(386,NULL,NULL,NULL,NULL,NULL,NULL,NULL,NULL,NULL,NULL,'2030025521',270,268,NULL,NULL,NULL,NULL,NULL,NULL,NULL,NULL,NULL,NULL,NULL),(387,NULL,NULL,NULL,NULL,NULL,NULL,NULL,NULL,NULL,NULL,'2030025526',0,269,NULL,NULL,NULL,NULL,NULL,NULL,NULL,NULL,NULL,NULL,NULL),(388,NULL,NULL,NULL,NULL,NULL,NULL,NULL,NULL,NULL,NULL,'2030025433',254,270,NULL,NULL,NULL,NULL,NULL,NULL,NULL,NULL,NULL,NULL,NULL),(389,NULL,NULL,NULL,NULL,NULL,NULL,NULL,NULL,NULL,NULL,'2030025546',0,271,NULL,NULL,NULL,NULL,NULL,NULL,NULL,NULL,NULL,NULL,NULL),(390,NULL,NULL,NULL,NULL,NULL,NULL,NULL,NULL,NULL,NULL,'2030089121',260,272,NULL,NULL,NULL,NULL,NULL,NULL,NULL,NULL,NULL,NULL,NULL),(391,NULL,NULL,NULL,NULL,NULL,NULL,NULL,NULL,NULL,NULL,'2030025496',260,272,NULL,NULL,NULL,NULL,NULL,NULL,NULL,NULL,NULL,NULL,NULL),(392,NULL,NULL,NULL,NULL,NULL,NULL,NULL,NULL,NULL,NULL,'2030025497',260,272,NULL,NULL,NULL,NULL,NULL,NULL,NULL,NULL,NULL,NULL,NULL),(393,NULL,NULL,NULL,NULL,NULL,NULL,NULL,NULL,NULL,NULL,'2030025498',260,272,NULL,NULL,NULL,NULL,NULL,NULL,NULL,NULL,NULL,NULL,NULL),(394,NULL,NULL,NULL,NULL,NULL,NULL,NULL,NULL,NULL,NULL,'2030025499',260,272,NULL,NULL,NULL,NULL,NULL,NULL,NULL,NULL,NULL,NULL,NULL),(395,NULL,NULL,NULL,NULL,NULL,NULL,NULL,NULL,NULL,NULL,'2030025495',219,273,NULL,NULL,NULL,NULL,NULL,NULL,NULL,NULL,NULL,NULL,NULL),(396,NULL,NULL,NULL,NULL,NULL,NULL,NULL,NULL,NULL,NULL,'2030025487',259,274,NULL,NULL,NULL,NULL,NULL,NULL,NULL,NULL,NULL,NULL,NULL),(397,NULL,NULL,NULL,NULL,NULL,NULL,NULL,NULL,NULL,NULL,'2030025488',210,275,NULL,NULL,NULL,NULL,NULL,NULL,NULL,NULL,NULL,NULL,NULL),(398,NULL,NULL,NULL,NULL,NULL,NULL,NULL,NULL,NULL,NULL,'2030025489',215,275,NULL,NULL,NULL,NULL,NULL,NULL,NULL,NULL,NULL,NULL,NULL),(399,NULL,NULL,NULL,NULL,NULL,NULL,NULL,NULL,NULL,NULL,'2030025494',0,276,NULL,NULL,NULL,NULL,NULL,NULL,NULL,NULL,NULL,NULL,NULL),(400,NULL,NULL,NULL,NULL,NULL,NULL,NULL,NULL,NULL,NULL,'2030025468',258,277,NULL,NULL,NULL,NULL,NULL,NULL,NULL,NULL,NULL,NULL,NULL),(401,NULL,NULL,NULL,NULL,NULL,NULL,NULL,NULL,NULL,NULL,'2030025486',221,278,NULL,NULL,NULL,NULL,NULL,NULL,NULL,NULL,NULL,NULL,NULL),(402,NULL,NULL,NULL,NULL,NULL,NULL,NULL,NULL,NULL,NULL,'2030087132',57,279,NULL,NULL,NULL,NULL,NULL,NULL,NULL,NULL,NULL,NULL,NULL),(403,NULL,NULL,NULL,NULL,NULL,NULL,NULL,NULL,NULL,NULL,'2030025482',28,280,NULL,NULL,NULL,NULL,NULL,NULL,NULL,NULL,NULL,NULL,NULL),(404,NULL,NULL,NULL,NULL,NULL,NULL,NULL,NULL,NULL,NULL,'2030025472',39,281,NULL,NULL,NULL,NULL,NULL,NULL,NULL,NULL,NULL,NULL,NULL),(405,NULL,NULL,NULL,NULL,NULL,NULL,NULL,NULL,NULL,NULL,'2030025473',39,281,NULL,NULL,NULL,NULL,NULL,NULL,NULL,NULL,NULL,NULL,NULL),(406,NULL,NULL,NULL,NULL,NULL,NULL,NULL,NULL,NULL,NULL,'2030025474',39,281,NULL,NULL,NULL,NULL,NULL,NULL,NULL,NULL,NULL,NULL,NULL),(407,NULL,NULL,NULL,NULL,NULL,NULL,NULL,NULL,NULL,NULL,'2030025475',26,282,NULL,NULL,NULL,NULL,NULL,NULL,NULL,NULL,NULL,NULL,NULL),(408,NULL,NULL,NULL,NULL,NULL,NULL,NULL,NULL,NULL,NULL,'2030025476',26,282,NULL,NULL,NULL,NULL,NULL,NULL,NULL,NULL,NULL,NULL,NULL),(409,NULL,NULL,NULL,NULL,NULL,NULL,NULL,NULL,NULL,NULL,'2030025477',26,282,NULL,NULL,NULL,NULL,NULL,NULL,NULL,NULL,NULL,NULL,NULL),(410,NULL,NULL,NULL,NULL,NULL,NULL,NULL,NULL,NULL,NULL,'2030025479',30,283,NULL,NULL,NULL,NULL,NULL,NULL,NULL,NULL,NULL,NULL,NULL),(411,NULL,NULL,NULL,NULL,NULL,NULL,NULL,NULL,NULL,NULL,'2030025478',56,284,NULL,NULL,NULL,NULL,NULL,NULL,NULL,NULL,NULL,NULL,NULL),(412,NULL,NULL,NULL,NULL,NULL,NULL,NULL,NULL,NULL,NULL,'2030025480',38,285,NULL,NULL,NULL,NULL,NULL,NULL,NULL,NULL,NULL,NULL,NULL),(413,NULL,NULL,NULL,NULL,NULL,NULL,NULL,NULL,NULL,NULL,'2030025481',38,285,NULL,NULL,NULL,NULL,NULL,NULL,NULL,NULL,NULL,NULL,NULL),(414,NULL,NULL,NULL,NULL,NULL,NULL,NULL,NULL,NULL,NULL,'2030025470',67,286,NULL,NULL,NULL,NULL,NULL,NULL,NULL,NULL,NULL,NULL,NULL),(415,NULL,NULL,NULL,NULL,NULL,NULL,NULL,NULL,NULL,NULL,'2030025471',67,286,NULL,NULL,NULL,NULL,NULL,NULL,NULL,NULL,NULL,NULL,NULL),(416,NULL,NULL,NULL,NULL,NULL,NULL,NULL,NULL,NULL,NULL,'2030085435',67,286,NULL,NULL,NULL,NULL,NULL,NULL,NULL,NULL,NULL,NULL,NULL),(417,NULL,NULL,NULL,NULL,NULL,NULL,NULL,NULL,NULL,NULL,'2030085793',212,287,NULL,NULL,NULL,NULL,NULL,NULL,NULL,NULL,NULL,NULL,NULL),(418,NULL,NULL,NULL,NULL,NULL,NULL,NULL,NULL,NULL,NULL,'2030025708',24,288,NULL,NULL,NULL,NULL,NULL,NULL,NULL,NULL,NULL,NULL,NULL),(419,NULL,NULL,NULL,NULL,NULL,NULL,NULL,NULL,NULL,NULL,'2030025491',222,289,NULL,NULL,NULL,NULL,NULL,NULL,NULL,NULL,NULL,NULL,NULL),(420,NULL,NULL,NULL,NULL,NULL,NULL,NULL,NULL,NULL,NULL,'2030025492',222,289,NULL,NULL,NULL,NULL,NULL,NULL,NULL,NULL,NULL,NULL,NULL),(421,NULL,NULL,NULL,NULL,NULL,NULL,NULL,NULL,NULL,NULL,'2030025493',222,289,NULL,NULL,NULL,NULL,NULL,NULL,NULL,NULL,NULL,NULL,NULL),(422,NULL,NULL,NULL,NULL,NULL,NULL,NULL,NULL,NULL,NULL,'2030025490',220,290,NULL,NULL,NULL,NULL,NULL,NULL,NULL,NULL,NULL,NULL,NULL),(423,NULL,NULL,NULL,NULL,NULL,NULL,NULL,NULL,NULL,NULL,'2030088544',NULL,291,NULL,NULL,NULL,NULL,NULL,NULL,NULL,NULL,NULL,NULL,NULL),(424,NULL,NULL,NULL,NULL,NULL,NULL,NULL,NULL,NULL,NULL,'2030025456',63,292,NULL,NULL,NULL,NULL,NULL,NULL,NULL,NULL,NULL,NULL,NULL),(425,NULL,NULL,NULL,NULL,NULL,NULL,NULL,NULL,NULL,NULL,'2030025457',63,292,NULL,NULL,NULL,NULL,NULL,NULL,NULL,NULL,NULL,NULL,NULL),(426,NULL,NULL,NULL,NULL,NULL,NULL,NULL,NULL,NULL,NULL,'2030025458',0,293,NULL,NULL,NULL,NULL,NULL,NULL,NULL,NULL,NULL,NULL,NULL),(427,NULL,NULL,NULL,NULL,NULL,NULL,NULL,NULL,NULL,NULL,'2030025459',0,293,NULL,NULL,NULL,NULL,NULL,NULL,NULL,NULL,NULL,NULL,NULL),(428,NULL,NULL,NULL,NULL,NULL,NULL,NULL,NULL,NULL,NULL,'2030025465',119,294,NULL,NULL,NULL,NULL,NULL,NULL,NULL,NULL,NULL,NULL,NULL),(429,NULL,NULL,NULL,NULL,NULL,NULL,NULL,NULL,NULL,NULL,'2030092280',NULL,294,NULL,NULL,NULL,NULL,NULL,NULL,NULL,NULL,NULL,NULL,NULL),(430,NULL,NULL,NULL,NULL,NULL,NULL,NULL,NULL,NULL,NULL,'2030025464',108,295,NULL,NULL,NULL,NULL,NULL,NULL,NULL,NULL,NULL,NULL,NULL),(431,NULL,NULL,NULL,NULL,NULL,NULL,NULL,NULL,NULL,NULL,'2030025466',3,296,NULL,NULL,NULL,NULL,NULL,NULL,NULL,NULL,NULL,NULL,NULL),(432,NULL,NULL,NULL,NULL,NULL,NULL,NULL,NULL,NULL,NULL,'2030025485',80,297,NULL,NULL,NULL,NULL,NULL,NULL,NULL,NULL,NULL,NULL,NULL),(433,NULL,NULL,NULL,NULL,NULL,NULL,NULL,NULL,NULL,NULL,'2030025467',2,298,NULL,NULL,NULL,NULL,NULL,NULL,NULL,NULL,NULL,NULL,NULL),(434,NULL,NULL,NULL,NULL,NULL,NULL,NULL,NULL,NULL,NULL,'2030025484',0,300,NULL,NULL,NULL,NULL,NULL,NULL,NULL,NULL,NULL,NULL,NULL),(435,NULL,NULL,NULL,NULL,NULL,NULL,NULL,NULL,NULL,NULL,'2030025595',163,301,NULL,NULL,NULL,NULL,NULL,NULL,NULL,NULL,NULL,NULL,NULL),(436,NULL,NULL,NULL,NULL,NULL,NULL,NULL,NULL,NULL,NULL,'2030025748',179,302,NULL,NULL,NULL,NULL,NULL,NULL,NULL,NULL,NULL,NULL,NULL),(437,NULL,NULL,NULL,NULL,NULL,NULL,NULL,NULL,NULL,NULL,'2030025596',173,303,NULL,NULL,NULL,NULL,NULL,NULL,NULL,NULL,NULL,NULL,NULL),(438,NULL,NULL,NULL,NULL,NULL,NULL,NULL,NULL,NULL,NULL,'2030025597',136,304,NULL,NULL,NULL,NULL,NULL,NULL,NULL,NULL,NULL,NULL,NULL),(439,NULL,NULL,NULL,NULL,NULL,NULL,NULL,NULL,NULL,NULL,'2030084454',136,304,NULL,NULL,NULL,NULL,NULL,NULL,NULL,NULL,NULL,NULL,NULL),(440,NULL,NULL,NULL,NULL,NULL,NULL,NULL,NULL,NULL,NULL,'2030025600',216,305,NULL,NULL,NULL,NULL,NULL,NULL,NULL,NULL,NULL,NULL,NULL),(441,NULL,NULL,NULL,NULL,NULL,NULL,NULL,NULL,NULL,NULL,'2030025749',58,306,NULL,NULL,NULL,NULL,NULL,NULL,NULL,NULL,NULL,NULL,NULL),(442,NULL,NULL,NULL,NULL,NULL,NULL,NULL,NULL,NULL,NULL,'2030025750',58,306,NULL,NULL,NULL,NULL,NULL,NULL,NULL,NULL,NULL,NULL,NULL),(443,NULL,NULL,NULL,NULL,NULL,NULL,NULL,NULL,NULL,NULL,'2030025755',0,307,NULL,NULL,NULL,NULL,NULL,NULL,NULL,NULL,NULL,NULL,NULL),(444,NULL,NULL,NULL,NULL,NULL,NULL,NULL,NULL,NULL,NULL,'2030025754',32,308,NULL,NULL,NULL,NULL,NULL,NULL,NULL,NULL,NULL,NULL,NULL),(445,NULL,NULL,NULL,NULL,NULL,NULL,NULL,NULL,NULL,NULL,'2030025753',0,309,NULL,NULL,NULL,NULL,NULL,NULL,NULL,NULL,NULL,NULL,NULL),(446,NULL,NULL,NULL,NULL,NULL,NULL,NULL,NULL,NULL,NULL,'2030025634',46,310,NULL,NULL,NULL,NULL,NULL,NULL,NULL,NULL,NULL,NULL,NULL),(447,NULL,NULL,NULL,NULL,NULL,NULL,NULL,NULL,NULL,NULL,'2030025752',0,311,NULL,NULL,NULL,NULL,NULL,NULL,NULL,NULL,NULL,NULL,NULL),(448,NULL,NULL,NULL,NULL,NULL,NULL,NULL,NULL,NULL,NULL,'2030025633',160,312,NULL,NULL,NULL,NULL,NULL,NULL,NULL,NULL,NULL,NULL,NULL),(449,NULL,NULL,NULL,NULL,NULL,NULL,NULL,NULL,NULL,NULL,'2030025646',154,313,NULL,NULL,NULL,NULL,NULL,NULL,NULL,NULL,NULL,NULL,NULL),(450,NULL,NULL,NULL,NULL,NULL,NULL,NULL,NULL,NULL,NULL,'2030025632',8,314,NULL,NULL,NULL,NULL,NULL,NULL,NULL,NULL,NULL,NULL,NULL),(451,NULL,NULL,NULL,NULL,NULL,NULL,NULL,NULL,NULL,NULL,'2030025625',129,316,NULL,NULL,NULL,NULL,NULL,NULL,NULL,NULL,NULL,NULL,NULL),(452,NULL,NULL,NULL,NULL,NULL,NULL,NULL,NULL,NULL,NULL,'2030025630',15,317,NULL,NULL,NULL,NULL,NULL,NULL,NULL,NULL,NULL,NULL,NULL),(453,NULL,NULL,NULL,NULL,NULL,NULL,NULL,NULL,NULL,NULL,'2030025629',365,318,NULL,NULL,NULL,NULL,NULL,NULL,NULL,NULL,NULL,NULL,NULL),(454,NULL,NULL,NULL,NULL,NULL,NULL,NULL,NULL,NULL,NULL,'2030025626',143,319,NULL,NULL,NULL,NULL,NULL,NULL,NULL,NULL,NULL,NULL,NULL),(455,NULL,NULL,NULL,NULL,NULL,NULL,NULL,NULL,NULL,NULL,'2030025628',143,319,NULL,NULL,NULL,NULL,NULL,NULL,NULL,NULL,NULL,NULL,NULL),(456,NULL,NULL,NULL,NULL,NULL,NULL,NULL,NULL,NULL,NULL,'2030094632',143,319,NULL,NULL,NULL,NULL,NULL,NULL,NULL,NULL,NULL,NULL,NULL),(457,NULL,NULL,NULL,NULL,NULL,NULL,NULL,NULL,NULL,NULL,'2030025631',159,320,NULL,NULL,NULL,NULL,NULL,NULL,NULL,NULL,NULL,NULL,NULL),(458,NULL,NULL,NULL,NULL,NULL,NULL,NULL,NULL,NULL,NULL,'2030084581',159,320,NULL,NULL,NULL,NULL,NULL,NULL,NULL,NULL,NULL,NULL,NULL),(459,NULL,NULL,NULL,NULL,NULL,NULL,NULL,NULL,NULL,NULL,'2030025644',124,321,NULL,NULL,NULL,NULL,NULL,NULL,NULL,NULL,NULL,NULL,NULL),(460,NULL,NULL,NULL,NULL,NULL,NULL,NULL,NULL,NULL,NULL,'2030025643',133,322,NULL,NULL,NULL,NULL,NULL,NULL,NULL,NULL,NULL,NULL,NULL),(461,NULL,NULL,NULL,NULL,NULL,NULL,NULL,NULL,NULL,NULL,'2030025641',127,323,NULL,NULL,NULL,NULL,NULL,NULL,NULL,NULL,NULL,NULL,NULL),(462,NULL,NULL,NULL,NULL,NULL,NULL,NULL,NULL,NULL,NULL,'2030083411',127,323,NULL,NULL,NULL,NULL,NULL,NULL,NULL,NULL,NULL,NULL,NULL),(463,NULL,NULL,NULL,NULL,NULL,NULL,NULL,NULL,NULL,NULL,'2030025751',0,324,NULL,NULL,NULL,NULL,NULL,NULL,NULL,NULL,NULL,NULL,NULL),(464,NULL,NULL,NULL,NULL,NULL,NULL,NULL,NULL,NULL,NULL,'2030025506',0,325,NULL,NULL,NULL,NULL,NULL,NULL,NULL,NULL,NULL,NULL,NULL),(465,NULL,NULL,NULL,NULL,NULL,NULL,NULL,NULL,NULL,NULL,'2030083986',14,326,NULL,NULL,NULL,NULL,NULL,NULL,NULL,NULL,NULL,NULL,NULL),(466,NULL,NULL,NULL,NULL,NULL,NULL,NULL,NULL,NULL,NULL,'2030088500',186,327,NULL,NULL,NULL,NULL,NULL,NULL,NULL,NULL,NULL,NULL,NULL),(467,NULL,NULL,NULL,NULL,NULL,NULL,NULL,NULL,NULL,NULL,'2030088884',NULL,327,NULL,NULL,NULL,NULL,NULL,NULL,NULL,NULL,NULL,NULL,NULL),(468,NULL,NULL,NULL,NULL,NULL,NULL,NULL,NULL,NULL,NULL,'2030025463',98,328,NULL,NULL,NULL,NULL,NULL,NULL,NULL,NULL,NULL,NULL,NULL),(469,NULL,NULL,NULL,NULL,NULL,NULL,NULL,NULL,NULL,NULL,'2030025501',82,329,NULL,NULL,NULL,NULL,NULL,NULL,NULL,NULL,NULL,NULL,NULL),(470,NULL,NULL,NULL,NULL,NULL,NULL,NULL,NULL,NULL,NULL,'2030025462',89,330,NULL,NULL,NULL,NULL,NULL,NULL,NULL,NULL,NULL,NULL,NULL),(471,95.00,'',2,600.00,0.00,'',NULL,NULL,'\0','','2030025469',1,331,0,0,0,'Single Family','2',2,'High environmental sensitivity','\0',NULL,NULL,NULL),(472,NULL,NULL,NULL,NULL,NULL,NULL,NULL,NULL,NULL,NULL,'2030094022',1,331,NULL,NULL,NULL,NULL,NULL,NULL,NULL,NULL,NULL,NULL,NULL),(473,NULL,NULL,NULL,NULL,NULL,NULL,NULL,NULL,NULL,NULL,'2030025460',10,332,NULL,NULL,NULL,NULL,NULL,NULL,NULL,NULL,NULL,NULL,NULL),(474,NULL,NULL,NULL,NULL,NULL,NULL,NULL,NULL,NULL,NULL,'2030025461',257,333,NULL,NULL,NULL,NULL,NULL,NULL,NULL,NULL,NULL,NULL,NULL),(475,NULL,NULL,NULL,NULL,NULL,NULL,NULL,NULL,NULL,NULL,'2030025712',200,334,NULL,NULL,NULL,NULL,NULL,NULL,NULL,NULL,NULL,NULL,NULL),(476,NULL,NULL,NULL,NULL,NULL,NULL,NULL,NULL,NULL,NULL,'2030025713',198,335,NULL,NULL,NULL,NULL,NULL,NULL,NULL,NULL,NULL,NULL,NULL),(477,NULL,NULL,NULL,NULL,NULL,NULL,NULL,NULL,NULL,NULL,'2030025720',42,336,NULL,NULL,NULL,NULL,NULL,NULL,NULL,NULL,NULL,NULL,NULL),(478,NULL,NULL,NULL,NULL,NULL,NULL,NULL,NULL,NULL,NULL,'2030093680',315,337,NULL,NULL,NULL,NULL,NULL,NULL,NULL,NULL,NULL,NULL,NULL),(479,NULL,NULL,NULL,NULL,NULL,NULL,NULL,NULL,NULL,NULL,'2030094112',315,337,NULL,NULL,NULL,NULL,NULL,NULL,NULL,NULL,NULL,NULL,NULL),(480,NULL,NULL,NULL,NULL,NULL,NULL,NULL,NULL,NULL,NULL,'2030094113',315,337,NULL,NULL,NULL,NULL,NULL,NULL,NULL,NULL,NULL,NULL,NULL),(481,NULL,NULL,NULL,NULL,NULL,NULL,NULL,NULL,NULL,NULL,'2030094114',315,337,NULL,NULL,NULL,NULL,NULL,NULL,NULL,NULL,NULL,NULL,NULL),(482,NULL,NULL,NULL,NULL,NULL,NULL,NULL,NULL,NULL,NULL,'2030094115',315,337,NULL,NULL,NULL,NULL,NULL,NULL,NULL,NULL,NULL,NULL,NULL),(483,NULL,NULL,NULL,NULL,NULL,NULL,NULL,NULL,NULL,NULL,'2030025721',44,338,NULL,NULL,NULL,NULL,NULL,NULL,NULL,NULL,NULL,NULL,NULL),(484,NULL,NULL,NULL,NULL,NULL,NULL,NULL,NULL,NULL,NULL,'2030025624',287,339,NULL,NULL,NULL,NULL,NULL,NULL,NULL,NULL,NULL,NULL,NULL),(485,NULL,NULL,NULL,NULL,NULL,NULL,NULL,NULL,NULL,NULL,'2030091575',287,339,NULL,NULL,NULL,NULL,NULL,NULL,NULL,NULL,NULL,NULL,NULL),(486,NULL,NULL,NULL,NULL,NULL,NULL,NULL,NULL,NULL,NULL,'2030025719',33,340,NULL,NULL,NULL,NULL,NULL,NULL,NULL,NULL,NULL,NULL,NULL),(487,NULL,NULL,NULL,NULL,NULL,NULL,NULL,NULL,NULL,NULL,'2030025623',149,341,NULL,NULL,NULL,NULL,NULL,NULL,NULL,NULL,NULL,NULL,NULL),(488,NULL,NULL,NULL,NULL,NULL,NULL,NULL,NULL,NULL,NULL,'2030025718',23,342,NULL,NULL,NULL,NULL,NULL,NULL,NULL,NULL,NULL,NULL,NULL),(489,NULL,NULL,NULL,NULL,NULL,NULL,NULL,NULL,NULL,NULL,'2030025602',280,343,NULL,NULL,NULL,NULL,NULL,NULL,NULL,NULL,NULL,NULL,NULL),(490,NULL,NULL,NULL,NULL,NULL,NULL,NULL,NULL,NULL,NULL,'2030025603',12,344,NULL,NULL,NULL,NULL,NULL,NULL,NULL,NULL,NULL,NULL,NULL),(491,NULL,NULL,NULL,NULL,NULL,NULL,NULL,NULL,NULL,NULL,'2030025604',281,345,NULL,NULL,NULL,NULL,NULL,NULL,NULL,NULL,NULL,NULL,NULL),(492,NULL,NULL,NULL,NULL,NULL,NULL,NULL,NULL,NULL,NULL,'2030025695',0,346,NULL,NULL,NULL,NULL,NULL,NULL,NULL,NULL,NULL,NULL,NULL),(493,NULL,NULL,NULL,NULL,NULL,NULL,NULL,NULL,NULL,NULL,'2030025696',0,347,NULL,NULL,NULL,NULL,NULL,NULL,NULL,NULL,NULL,NULL,NULL),(494,180.00,'',0,110.00,0.00,NULL,NULL,NULL,'\0','','2030093658',128,348,1,1,0,'Single Family','2',2,'Low environmental sensitivity','',NULL,NULL,NULL),(495,NULL,NULL,NULL,NULL,NULL,NULL,NULL,NULL,NULL,NULL,'2030025398',105,349,NULL,NULL,NULL,NULL,NULL,NULL,NULL,NULL,NULL,NULL,NULL),(496,NULL,NULL,NULL,NULL,NULL,NULL,NULL,NULL,NULL,NULL,'2030025393',251,350,NULL,NULL,NULL,NULL,NULL,NULL,NULL,NULL,NULL,NULL,NULL),(497,NULL,NULL,NULL,NULL,NULL,NULL,NULL,NULL,NULL,NULL,'2030025397',113,351,NULL,NULL,NULL,NULL,NULL,NULL,NULL,NULL,NULL,NULL,NULL),(498,NULL,NULL,NULL,NULL,NULL,NULL,NULL,NULL,NULL,NULL,'2030025394',155,352,NULL,NULL,NULL,NULL,NULL,NULL,NULL,NULL,NULL,NULL,NULL),(499,NULL,NULL,NULL,NULL,NULL,NULL,NULL,NULL,NULL,NULL,'2030025395',0,353,NULL,NULL,NULL,NULL,NULL,NULL,NULL,NULL,NULL,NULL,NULL),(500,NULL,NULL,NULL,NULL,NULL,NULL,NULL,NULL,NULL,NULL,'2030025396',0,354,NULL,NULL,NULL,NULL,NULL,NULL,NULL,NULL,NULL,NULL,NULL),(501,NULL,NULL,NULL,NULL,NULL,NULL,NULL,NULL,NULL,NULL,'2030025528',273,355,NULL,NULL,NULL,NULL,NULL,NULL,NULL,NULL,NULL,NULL,NULL),(502,NULL,NULL,NULL,NULL,NULL,NULL,NULL,NULL,NULL,NULL,'2030025525',272,356,NULL,NULL,NULL,NULL,NULL,NULL,NULL,NULL,NULL,NULL,NULL),(503,NULL,NULL,NULL,NULL,NULL,NULL,NULL,NULL,NULL,NULL,'2030025505',261,357,NULL,NULL,NULL,NULL,NULL,NULL,NULL,NULL,NULL,NULL,NULL),(504,NULL,NULL,NULL,NULL,NULL,NULL,NULL,NULL,NULL,NULL,'2030025504',171,358,NULL,NULL,NULL,NULL,NULL,NULL,NULL,NULL,NULL,NULL,NULL),(505,NULL,NULL,NULL,NULL,NULL,NULL,NULL,NULL,NULL,NULL,'2030025527',0,360,NULL,NULL,NULL,NULL,NULL,NULL,NULL,NULL,NULL,NULL,NULL),(506,NULL,NULL,NULL,NULL,NULL,NULL,NULL,NULL,NULL,NULL,'2030025244',188,361,NULL,NULL,NULL,NULL,NULL,NULL,NULL,NULL,NULL,NULL,NULL),(507,NULL,NULL,NULL,NULL,NULL,NULL,NULL,NULL,NULL,NULL,'2030025245',188,361,NULL,NULL,NULL,NULL,NULL,NULL,NULL,NULL,NULL,NULL,NULL),(508,NULL,NULL,NULL,NULL,NULL,NULL,NULL,NULL,NULL,NULL,'2030025246',188,361,NULL,NULL,NULL,NULL,NULL,NULL,NULL,NULL,NULL,NULL,NULL),(509,NULL,NULL,NULL,NULL,NULL,NULL,NULL,NULL,NULL,NULL,'2030025247',188,361,NULL,NULL,NULL,NULL,NULL,NULL,NULL,NULL,NULL,NULL,NULL),(510,NULL,NULL,NULL,NULL,NULL,NULL,NULL,NULL,NULL,NULL,'2030025248',344,362,NULL,NULL,NULL,NULL,NULL,NULL,NULL,NULL,NULL,NULL,NULL),(511,NULL,NULL,NULL,NULL,NULL,NULL,NULL,NULL,NULL,NULL,'2030025297',344,362,NULL,NULL,NULL,NULL,NULL,NULL,NULL,NULL,NULL,NULL,NULL),(512,NULL,NULL,NULL,NULL,NULL,NULL,NULL,NULL,NULL,NULL,'2030025251',0,363,NULL,NULL,NULL,NULL,NULL,NULL,NULL,NULL,NULL,NULL,NULL),(513,NULL,NULL,NULL,NULL,NULL,NULL,NULL,NULL,NULL,NULL,'2030025252',0,363,NULL,NULL,NULL,NULL,NULL,NULL,NULL,NULL,NULL,NULL,NULL),(514,NULL,NULL,NULL,NULL,NULL,NULL,NULL,NULL,NULL,NULL,'2030084012',169,364,NULL,NULL,NULL,NULL,NULL,NULL,NULL,NULL,NULL,NULL,NULL),(515,NULL,NULL,NULL,NULL,NULL,NULL,NULL,NULL,NULL,NULL,'2030025250',188,365,NULL,NULL,NULL,NULL,NULL,NULL,NULL,NULL,NULL,NULL,NULL),(516,NULL,NULL,NULL,NULL,NULL,NULL,NULL,NULL,NULL,NULL,'2030025249',226,366,NULL,NULL,NULL,NULL,NULL,NULL,NULL,NULL,NULL,NULL,NULL),(517,NULL,NULL,NULL,NULL,NULL,NULL,NULL,NULL,NULL,NULL,'2030025665',0,367,NULL,NULL,NULL,NULL,NULL,NULL,NULL,NULL,NULL,NULL,NULL),(518,NULL,NULL,NULL,NULL,NULL,NULL,NULL,NULL,NULL,NULL,'2030025666',65,368,NULL,NULL,NULL,NULL,NULL,NULL,NULL,NULL,NULL,NULL,NULL),(519,NULL,NULL,NULL,NULL,NULL,NULL,NULL,NULL,NULL,NULL,'2030025342',47,369,NULL,NULL,NULL,NULL,NULL,NULL,NULL,NULL,NULL,NULL,NULL),(520,NULL,NULL,NULL,NULL,NULL,NULL,NULL,NULL,NULL,NULL,'2030025341',0,370,NULL,NULL,NULL,NULL,NULL,NULL,NULL,NULL,NULL,NULL,NULL),(521,NULL,NULL,NULL,NULL,NULL,NULL,NULL,NULL,NULL,NULL,'2030025327',70,371,NULL,NULL,NULL,NULL,NULL,NULL,NULL,NULL,NULL,NULL,NULL),(522,NULL,NULL,NULL,NULL,NULL,NULL,NULL,NULL,NULL,NULL,'2030025350',241,372,NULL,NULL,NULL,NULL,NULL,NULL,NULL,NULL,NULL,NULL,NULL),(523,NULL,NULL,NULL,NULL,NULL,NULL,NULL,NULL,NULL,NULL,'2030025319',236,373,NULL,NULL,NULL,NULL,NULL,NULL,NULL,NULL,NULL,NULL,NULL),(524,NULL,NULL,NULL,NULL,NULL,NULL,NULL,NULL,NULL,NULL,'2030025328',37,374,NULL,NULL,NULL,NULL,NULL,NULL,NULL,NULL,NULL,NULL,NULL),(525,NULL,NULL,NULL,NULL,NULL,NULL,NULL,NULL,NULL,NULL,'2030025333',238,375,NULL,NULL,NULL,NULL,NULL,NULL,NULL,NULL,NULL,NULL,NULL),(526,NULL,NULL,NULL,NULL,NULL,NULL,NULL,NULL,NULL,NULL,'2030025330',162,376,NULL,NULL,NULL,NULL,NULL,NULL,NULL,NULL,NULL,NULL,NULL),(527,NULL,NULL,NULL,NULL,NULL,NULL,NULL,NULL,NULL,NULL,'2030025334',72,377,NULL,NULL,NULL,NULL,NULL,NULL,NULL,NULL,NULL,NULL,NULL),(528,NULL,NULL,NULL,NULL,NULL,NULL,NULL,NULL,NULL,NULL,'2030025335',72,377,NULL,NULL,NULL,NULL,NULL,NULL,NULL,NULL,NULL,NULL,NULL),(529,NULL,NULL,NULL,NULL,NULL,NULL,NULL,NULL,NULL,NULL,'2030094259',182,378,NULL,NULL,NULL,NULL,NULL,NULL,NULL,NULL,NULL,NULL,NULL),(530,NULL,NULL,NULL,NULL,NULL,NULL,NULL,NULL,NULL,NULL,'2030025511',264,379,NULL,NULL,NULL,NULL,NULL,NULL,NULL,NULL,NULL,NULL,NULL),(531,NULL,NULL,NULL,NULL,NULL,NULL,NULL,NULL,NULL,NULL,'2030025507',262,380,NULL,NULL,NULL,NULL,NULL,NULL,NULL,NULL,NULL,NULL,NULL),(532,NULL,NULL,NULL,NULL,NULL,NULL,NULL,NULL,NULL,NULL,'2030025508',262,380,NULL,NULL,NULL,NULL,NULL,NULL,NULL,NULL,NULL,NULL,NULL),(533,NULL,NULL,NULL,NULL,NULL,NULL,NULL,NULL,NULL,NULL,'2030025510',263,381,NULL,NULL,NULL,NULL,NULL,NULL,NULL,NULL,NULL,NULL,NULL),(534,NULL,NULL,NULL,NULL,NULL,NULL,NULL,NULL,NULL,NULL,'2030084360',263,381,NULL,NULL,NULL,NULL,NULL,NULL,NULL,NULL,NULL,NULL,NULL),(535,NULL,NULL,NULL,NULL,NULL,NULL,NULL,NULL,NULL,NULL,'2030025522',271,382,NULL,NULL,NULL,NULL,NULL,NULL,NULL,NULL,NULL,NULL,NULL),(536,NULL,NULL,NULL,NULL,NULL,NULL,NULL,NULL,NULL,NULL,'2030085183',25,383,NULL,NULL,NULL,NULL,NULL,NULL,NULL,NULL,NULL,NULL,NULL),(537,NULL,NULL,NULL,NULL,NULL,NULL,NULL,NULL,NULL,NULL,'2030025382',178,385,NULL,NULL,NULL,NULL,NULL,NULL,NULL,NULL,NULL,NULL,NULL),(538,NULL,NULL,NULL,NULL,NULL,NULL,NULL,NULL,NULL,NULL,'2030025383',250,386,NULL,NULL,NULL,NULL,NULL,NULL,NULL,NULL,NULL,NULL,NULL),(539,NULL,NULL,NULL,NULL,NULL,NULL,NULL,NULL,NULL,NULL,'2030025366',54,387,NULL,NULL,NULL,NULL,NULL,NULL,NULL,NULL,NULL,NULL,NULL),(540,NULL,NULL,NULL,NULL,NULL,NULL,NULL,NULL,NULL,NULL,'2030025374',248,388,NULL,NULL,NULL,NULL,NULL,NULL,NULL,NULL,NULL,NULL,NULL),(541,NULL,NULL,NULL,NULL,NULL,NULL,NULL,NULL,NULL,NULL,'2030025375',248,388,NULL,NULL,NULL,NULL,NULL,NULL,NULL,NULL,NULL,NULL,NULL),(542,NULL,NULL,NULL,NULL,NULL,NULL,NULL,NULL,NULL,NULL,'2030025376',248,388,NULL,NULL,NULL,NULL,NULL,NULL,NULL,NULL,NULL,NULL,NULL),(543,NULL,NULL,NULL,NULL,NULL,NULL,NULL,NULL,NULL,NULL,'2030025377',248,388,NULL,NULL,NULL,NULL,NULL,NULL,NULL,NULL,NULL,NULL,NULL),(544,NULL,NULL,NULL,NULL,NULL,NULL,NULL,NULL,NULL,NULL,'2030025378',248,388,NULL,NULL,NULL,NULL,NULL,NULL,NULL,NULL,NULL,NULL,NULL),(545,NULL,NULL,NULL,NULL,NULL,NULL,NULL,NULL,NULL,NULL,'2030025379',248,388,NULL,NULL,NULL,NULL,NULL,NULL,NULL,NULL,NULL,NULL,NULL),(546,NULL,NULL,NULL,NULL,NULL,NULL,NULL,NULL,NULL,NULL,'2030025380',248,388,NULL,NULL,NULL,NULL,NULL,NULL,NULL,NULL,NULL,NULL,NULL),(547,NULL,NULL,NULL,NULL,NULL,NULL,NULL,NULL,NULL,NULL,'2030025371',247,389,NULL,NULL,NULL,NULL,NULL,NULL,NULL,NULL,NULL,NULL,NULL),(548,NULL,NULL,NULL,NULL,NULL,NULL,NULL,NULL,NULL,NULL,'2030025369',246,389,NULL,NULL,NULL,NULL,NULL,NULL,NULL,NULL,NULL,NULL,NULL),(549,NULL,NULL,NULL,NULL,NULL,NULL,NULL,NULL,NULL,NULL,'2030025370',246,389,NULL,NULL,NULL,NULL,NULL,NULL,NULL,NULL,NULL,NULL,NULL),(550,NULL,NULL,NULL,NULL,NULL,NULL,NULL,NULL,NULL,NULL,'2030025368',66,390,NULL,NULL,NULL,NULL,NULL,NULL,NULL,NULL,NULL,NULL,NULL),(551,NULL,NULL,NULL,NULL,NULL,NULL,NULL,NULL,NULL,NULL,'2030025367',175,391,NULL,NULL,NULL,NULL,NULL,NULL,NULL,NULL,NULL,NULL,NULL),(552,NULL,NULL,NULL,NULL,NULL,NULL,NULL,NULL,NULL,NULL,'2030025362',245,392,NULL,NULL,NULL,NULL,NULL,NULL,NULL,NULL,NULL,NULL,NULL),(553,NULL,NULL,NULL,NULL,NULL,NULL,NULL,NULL,NULL,NULL,'2030025672',295,393,NULL,NULL,NULL,NULL,NULL,NULL,NULL,NULL,NULL,NULL,NULL),(554,NULL,NULL,NULL,NULL,NULL,NULL,NULL,NULL,NULL,NULL,'2030025671',294,394,NULL,NULL,NULL,NULL,NULL,NULL,NULL,NULL,NULL,NULL,NULL),(555,NULL,NULL,NULL,NULL,NULL,NULL,NULL,NULL,NULL,NULL,'2030025670',293,395,NULL,NULL,NULL,NULL,NULL,NULL,NULL,NULL,NULL,NULL,NULL),(556,NULL,NULL,NULL,NULL,NULL,NULL,NULL,NULL,NULL,NULL,'2030025693',304,396,NULL,NULL,NULL,NULL,NULL,NULL,NULL,NULL,NULL,NULL,NULL),(557,NULL,NULL,NULL,NULL,NULL,NULL,NULL,NULL,NULL,NULL,'2030025675',298,397,NULL,NULL,NULL,NULL,NULL,NULL,NULL,NULL,NULL,NULL,NULL),(558,NULL,'\0',1,800.00,0.00,'\0',NULL,NULL,'\0','','2030087548',126,398,NULL,2,1,NULL,NULL,2,'Medium environmental sensitivity','',NULL,NULL,NULL),(559,NULL,NULL,NULL,NULL,NULL,NULL,NULL,NULL,NULL,NULL,'2030025685',85,399,NULL,NULL,NULL,NULL,NULL,NULL,NULL,NULL,NULL,NULL,NULL),(560,NULL,NULL,NULL,NULL,NULL,NULL,NULL,NULL,NULL,NULL,'2030025676',147,400,NULL,NULL,NULL,NULL,NULL,NULL,NULL,NULL,NULL,NULL,NULL),(561,NULL,NULL,NULL,NULL,NULL,NULL,NULL,NULL,NULL,NULL,'2030025684',300,401,NULL,NULL,NULL,NULL,NULL,NULL,NULL,NULL,NULL,NULL,NULL),(562,NULL,NULL,NULL,NULL,NULL,NULL,NULL,NULL,NULL,NULL,'2030025677',29,402,NULL,NULL,NULL,NULL,NULL,NULL,NULL,NULL,NULL,NULL,NULL),(563,NULL,NULL,NULL,NULL,NULL,NULL,NULL,NULL,NULL,NULL,'2030025683',183,403,NULL,NULL,NULL,NULL,NULL,NULL,NULL,NULL,NULL,NULL,NULL),(564,NULL,NULL,NULL,NULL,NULL,NULL,NULL,NULL,NULL,NULL,'2030089101',183,403,NULL,NULL,NULL,NULL,NULL,NULL,NULL,NULL,NULL,NULL,NULL),(565,NULL,NULL,NULL,NULL,NULL,NULL,NULL,NULL,NULL,NULL,'2030025678',299,404,NULL,NULL,NULL,NULL,NULL,NULL,NULL,NULL,NULL,NULL,NULL),(566,NULL,NULL,NULL,NULL,NULL,NULL,NULL,NULL,NULL,NULL,'2030025682',176,404,NULL,NULL,NULL,NULL,NULL,NULL,NULL,NULL,NULL,NULL,NULL),(567,NULL,NULL,NULL,NULL,NULL,NULL,NULL,NULL,NULL,NULL,'2030025679',321,404,NULL,NULL,NULL,NULL,NULL,NULL,NULL,NULL,NULL,NULL,NULL),(568,NULL,NULL,NULL,NULL,NULL,NULL,NULL,NULL,NULL,NULL,'2030025680',214,405,NULL,NULL,NULL,NULL,NULL,NULL,NULL,NULL,NULL,NULL,NULL),(569,NULL,NULL,NULL,NULL,NULL,NULL,NULL,NULL,NULL,NULL,'2030025686',301,406,NULL,NULL,NULL,NULL,NULL,NULL,NULL,NULL,NULL,NULL,NULL),(570,NULL,NULL,NULL,NULL,NULL,NULL,NULL,NULL,NULL,NULL,'2030025687',301,406,NULL,NULL,NULL,NULL,NULL,NULL,NULL,NULL,NULL,NULL,NULL),(571,NULL,NULL,NULL,NULL,NULL,NULL,NULL,NULL,NULL,NULL,'2030025688',302,407,NULL,NULL,NULL,NULL,NULL,NULL,NULL,NULL,NULL,NULL,NULL),(572,NULL,NULL,NULL,NULL,NULL,NULL,NULL,NULL,NULL,NULL,'2030025689',22,408,NULL,NULL,NULL,NULL,NULL,NULL,NULL,NULL,NULL,NULL,NULL),(573,NULL,NULL,NULL,NULL,NULL,NULL,NULL,NULL,NULL,NULL,'2030025690',22,408,NULL,NULL,NULL,NULL,NULL,NULL,NULL,NULL,NULL,NULL,NULL),(574,NULL,NULL,NULL,NULL,NULL,NULL,NULL,NULL,NULL,NULL,'2030025691',79,409,NULL,NULL,NULL,NULL,NULL,NULL,NULL,NULL,NULL,NULL,NULL),(575,NULL,NULL,NULL,NULL,NULL,NULL,NULL,NULL,NULL,NULL,'2030025692',303,410,NULL,NULL,NULL,NULL,NULL,NULL,NULL,NULL,NULL,NULL,NULL),(576,NULL,NULL,NULL,NULL,NULL,NULL,NULL,NULL,NULL,NULL,'2030025681',142,411,NULL,NULL,NULL,NULL,NULL,NULL,NULL,NULL,NULL,NULL,NULL),(577,NULL,'\0',0,0.00,0.00,'',NULL,NULL,'\0','\0','2030089428',142,411,1,1,0,'Single Family',NULL,1,'High environmental sensitivity','\0',NULL,NULL,NULL),(578,NULL,NULL,NULL,NULL,NULL,NULL,NULL,NULL,NULL,NULL,'2030026205',345,412,NULL,NULL,NULL,NULL,NULL,NULL,NULL,NULL,NULL,NULL,NULL),(579,NULL,NULL,NULL,NULL,NULL,NULL,NULL,NULL,NULL,NULL,'2030026206',345,412,NULL,NULL,NULL,NULL,NULL,NULL,NULL,NULL,NULL,NULL,NULL),(580,NULL,NULL,NULL,NULL,NULL,NULL,NULL,NULL,NULL,NULL,'2030083520',346,413,NULL,NULL,NULL,NULL,NULL,NULL,NULL,NULL,NULL,NULL,NULL),(581,NULL,NULL,NULL,NULL,NULL,NULL,NULL,NULL,NULL,NULL,'2030083521',346,413,NULL,NULL,NULL,NULL,NULL,NULL,NULL,NULL,NULL,NULL,NULL),(582,NULL,NULL,NULL,NULL,NULL,NULL,NULL,NULL,NULL,NULL,'2030095551',319,426,NULL,NULL,NULL,NULL,NULL,NULL,NULL,NULL,NULL,NULL,NULL),(583,NULL,NULL,NULL,NULL,NULL,NULL,NULL,NULL,NULL,NULL,'2030026041',336,427,NULL,NULL,NULL,NULL,NULL,NULL,NULL,NULL,NULL,NULL,NULL),(584,NULL,NULL,NULL,NULL,NULL,NULL,NULL,NULL,NULL,NULL,'2030026117',NULL,431,NULL,NULL,NULL,NULL,NULL,NULL,NULL,NULL,NULL,NULL,NULL),(585,NULL,NULL,NULL,NULL,NULL,NULL,NULL,NULL,NULL,NULL,'2030026169',NULL,431,NULL,NULL,NULL,NULL,NULL,NULL,NULL,NULL,NULL,NULL,NULL),(586,NULL,NULL,NULL,NULL,NULL,NULL,NULL,NULL,NULL,NULL,'2030026170',NULL,431,NULL,NULL,NULL,NULL,NULL,NULL,NULL,NULL,NULL,NULL,NULL),(587,NULL,NULL,NULL,NULL,NULL,NULL,NULL,NULL,NULL,NULL,'2030091603',NULL,431,NULL,NULL,NULL,NULL,NULL,NULL,NULL,NULL,NULL,NULL,NULL),(588,NULL,NULL,NULL,NULL,NULL,NULL,NULL,NULL,NULL,NULL,'2030026174',NULL,433,NULL,NULL,NULL,NULL,NULL,NULL,NULL,NULL,NULL,NULL,NULL),(589,NULL,NULL,NULL,NULL,NULL,NULL,NULL,NULL,NULL,NULL,'2030026175',NULL,433,NULL,NULL,NULL,NULL,NULL,NULL,NULL,NULL,NULL,NULL,NULL),(590,NULL,NULL,NULL,NULL,NULL,NULL,NULL,NULL,NULL,NULL,'2030026178',NULL,434,NULL,NULL,NULL,NULL,NULL,NULL,NULL,NULL,NULL,NULL,NULL),(591,NULL,NULL,NULL,NULL,NULL,NULL,NULL,NULL,NULL,NULL,'2030026182',347,436,NULL,NULL,NULL,NULL,NULL,NULL,NULL,NULL,NULL,NULL,NULL),(592,NULL,NULL,NULL,NULL,NULL,NULL,NULL,NULL,NULL,NULL,'2030026183',348,436,NULL,NULL,NULL,NULL,NULL,NULL,NULL,NULL,NULL,NULL,NULL),(593,NULL,NULL,NULL,NULL,NULL,NULL,NULL,NULL,NULL,NULL,'2030026184',NULL,439,NULL,NULL,NULL,NULL,NULL,NULL,NULL,NULL,NULL,NULL,NULL),(594,NULL,NULL,NULL,NULL,NULL,NULL,NULL,NULL,NULL,NULL,'2030026185',NULL,439,NULL,NULL,NULL,NULL,NULL,NULL,NULL,NULL,NULL,NULL,NULL),(595,NULL,NULL,NULL,NULL,NULL,NULL,NULL,NULL,NULL,NULL,'2030089507',NULL,439,NULL,NULL,NULL,NULL,NULL,NULL,NULL,NULL,NULL,NULL,NULL),(596,NULL,NULL,NULL,NULL,NULL,NULL,NULL,NULL,NULL,NULL,'2030026186',NULL,441,NULL,NULL,NULL,NULL,NULL,NULL,NULL,NULL,NULL,NULL,NULL),(597,NULL,NULL,NULL,NULL,NULL,NULL,NULL,NULL,NULL,NULL,'2030026187',NULL,441,NULL,NULL,NULL,NULL,NULL,NULL,NULL,NULL,NULL,NULL,NULL),(598,NULL,NULL,NULL,NULL,NULL,NULL,NULL,NULL,NULL,NULL,'2030026188',NULL,443,NULL,NULL,NULL,NULL,NULL,NULL,NULL,NULL,NULL,NULL,NULL),(599,NULL,NULL,NULL,NULL,NULL,NULL,NULL,NULL,NULL,NULL,'2030026189',NULL,443,NULL,NULL,NULL,NULL,NULL,NULL,NULL,NULL,NULL,NULL,NULL),(600,NULL,NULL,NULL,NULL,NULL,NULL,NULL,NULL,NULL,NULL,'2030026190',NULL,444,NULL,NULL,NULL,NULL,NULL,NULL,NULL,NULL,NULL,NULL,NULL),(601,NULL,NULL,NULL,NULL,NULL,NULL,NULL,NULL,NULL,NULL,'2030026194',328,446,NULL,NULL,NULL,NULL,NULL,NULL,NULL,NULL,NULL,NULL,NULL),(602,NULL,NULL,NULL,NULL,NULL,NULL,NULL,NULL,NULL,NULL,'2030026195',328,446,NULL,NULL,NULL,NULL,NULL,NULL,NULL,NULL,NULL,NULL,NULL),(603,NULL,NULL,NULL,NULL,NULL,NULL,NULL,NULL,NULL,NULL,'2030026196',349,447,NULL,NULL,NULL,NULL,NULL,NULL,NULL,NULL,NULL,NULL,NULL),(604,NULL,NULL,NULL,NULL,NULL,NULL,NULL,NULL,NULL,NULL,'2030026197',326,448,NULL,NULL,NULL,NULL,NULL,NULL,NULL,NULL,NULL,NULL,NULL),(605,NULL,NULL,NULL,NULL,NULL,NULL,NULL,NULL,NULL,NULL,'2030026198',350,449,NULL,NULL,NULL,NULL,NULL,NULL,NULL,NULL,NULL,NULL,NULL),(606,NULL,NULL,NULL,NULL,NULL,NULL,NULL,NULL,NULL,NULL,'2030026199',351,450,NULL,NULL,NULL,NULL,NULL,NULL,NULL,NULL,NULL,NULL,NULL),(607,NULL,NULL,NULL,NULL,NULL,NULL,NULL,NULL,NULL,NULL,'2030026200',335,452,NULL,NULL,NULL,NULL,NULL,NULL,NULL,NULL,NULL,NULL,NULL),(608,NULL,NULL,NULL,NULL,NULL,NULL,NULL,NULL,NULL,NULL,'2030026201',335,452,NULL,NULL,NULL,NULL,NULL,NULL,NULL,NULL,NULL,NULL,NULL),(609,NULL,NULL,NULL,NULL,NULL,NULL,NULL,NULL,NULL,NULL,'2030026202',NULL,454,NULL,NULL,NULL,NULL,NULL,NULL,NULL,NULL,NULL,NULL,NULL),(610,NULL,NULL,NULL,NULL,NULL,NULL,NULL,NULL,NULL,NULL,'2030026203',NULL,454,NULL,NULL,NULL,NULL,NULL,NULL,NULL,NULL,NULL,NULL,NULL),(611,NULL,NULL,NULL,NULL,NULL,NULL,NULL,NULL,NULL,NULL,'2030026204',NULL,455,NULL,NULL,NULL,NULL,NULL,NULL,NULL,NULL,NULL,NULL,NULL),(612,NULL,NULL,NULL,NULL,NULL,NULL,NULL,NULL,NULL,NULL,'2030026210',NULL,459,NULL,NULL,NULL,NULL,NULL,NULL,NULL,NULL,NULL,NULL,NULL),(613,NULL,NULL,NULL,NULL,NULL,NULL,NULL,NULL,NULL,NULL,'2030026211',NULL,459,NULL,NULL,NULL,NULL,NULL,NULL,NULL,NULL,NULL,NULL,NULL),(614,NULL,NULL,NULL,NULL,NULL,NULL,NULL,NULL,NULL,NULL,'2030091463',NULL,459,NULL,NULL,NULL,NULL,NULL,NULL,NULL,NULL,NULL,NULL,NULL),(615,NULL,NULL,NULL,NULL,NULL,NULL,NULL,NULL,NULL,NULL,'2030026268',329,461,NULL,NULL,NULL,NULL,NULL,NULL,NULL,NULL,NULL,NULL,NULL),(616,NULL,NULL,NULL,NULL,NULL,NULL,NULL,NULL,NULL,NULL,'2030026277',NULL,463,NULL,NULL,NULL,NULL,NULL,NULL,NULL,NULL,NULL,NULL,NULL),(617,NULL,NULL,NULL,NULL,NULL,NULL,NULL,NULL,NULL,NULL,'2030026278',NULL,463,NULL,NULL,NULL,NULL,NULL,NULL,NULL,NULL,NULL,NULL,NULL),(618,NULL,NULL,NULL,NULL,NULL,NULL,NULL,NULL,NULL,NULL,'2030026310',325,464,NULL,NULL,NULL,NULL,NULL,NULL,NULL,NULL,NULL,NULL,NULL),(619,NULL,NULL,NULL,NULL,NULL,NULL,NULL,NULL,NULL,NULL,'2030026311',327,466,NULL,NULL,NULL,NULL,NULL,NULL,NULL,NULL,NULL,NULL,NULL),(620,NULL,NULL,NULL,NULL,NULL,NULL,NULL,NULL,NULL,NULL,'2030094342',327,466,NULL,NULL,NULL,NULL,NULL,NULL,NULL,NULL,NULL,NULL,NULL),(621,NULL,NULL,NULL,NULL,NULL,NULL,NULL,NULL,NULL,NULL,'2030026312',352,467,NULL,NULL,NULL,NULL,NULL,NULL,NULL,NULL,NULL,NULL,NULL),(622,NULL,NULL,NULL,NULL,NULL,NULL,NULL,NULL,NULL,NULL,'2030026313',353,468,NULL,NULL,NULL,NULL,NULL,NULL,NULL,NULL,NULL,NULL,NULL),(623,NULL,NULL,NULL,NULL,NULL,NULL,NULL,NULL,NULL,NULL,'2030026314',354,469,NULL,NULL,NULL,NULL,NULL,NULL,NULL,NULL,NULL,NULL,NULL),(624,NULL,NULL,NULL,NULL,NULL,NULL,NULL,NULL,NULL,NULL,'2030026315',355,470,NULL,NULL,NULL,NULL,NULL,NULL,NULL,NULL,NULL,NULL,NULL),(625,NULL,NULL,NULL,NULL,NULL,NULL,NULL,NULL,NULL,NULL,'2030026316',NULL,473,NULL,NULL,NULL,NULL,NULL,NULL,NULL,NULL,NULL,NULL,NULL),(626,NULL,NULL,NULL,NULL,NULL,NULL,NULL,NULL,NULL,NULL,'2030026317',337,473,NULL,NULL,NULL,NULL,NULL,NULL,NULL,NULL,NULL,NULL,NULL),(627,NULL,NULL,NULL,NULL,NULL,NULL,NULL,NULL,NULL,NULL,'2030026318',332,473,NULL,NULL,NULL,NULL,NULL,NULL,NULL,NULL,NULL,NULL,NULL),(628,NULL,NULL,NULL,NULL,NULL,NULL,NULL,NULL,NULL,NULL,'2030026319',NULL,475,NULL,NULL,NULL,NULL,NULL,NULL,NULL,NULL,NULL,NULL,NULL),(629,NULL,NULL,NULL,NULL,NULL,NULL,NULL,NULL,NULL,NULL,'2030026320',NULL,475,NULL,NULL,NULL,NULL,NULL,NULL,NULL,NULL,NULL,NULL,NULL),(630,NULL,NULL,NULL,NULL,NULL,NULL,NULL,NULL,NULL,NULL,'2030026321',330,477,NULL,NULL,NULL,NULL,NULL,NULL,NULL,NULL,NULL,NULL,NULL),(631,163.00,'',2,200.00,0.00,'\0',NULL,NULL,'\0','','2030026322',333,479,0,0,0,'Single Family','3',2,'Medium environmental sensitivity','',NULL,NULL,NULL),(632,NULL,NULL,NULL,NULL,NULL,NULL,NULL,NULL,NULL,NULL,'2030094325',NULL,479,NULL,NULL,NULL,NULL,NULL,NULL,NULL,NULL,NULL,NULL,NULL),(633,NULL,NULL,NULL,NULL,NULL,NULL,NULL,NULL,NULL,NULL,'2030026324',NULL,480,NULL,NULL,NULL,NULL,NULL,NULL,NULL,NULL,NULL,NULL,NULL),(634,NULL,NULL,NULL,NULL,NULL,NULL,NULL,NULL,NULL,NULL,'2030026386',356,481,NULL,NULL,NULL,NULL,NULL,NULL,NULL,NULL,NULL,NULL,NULL),(635,NULL,NULL,NULL,NULL,NULL,NULL,NULL,NULL,NULL,NULL,'2030026387',357,482,NULL,NULL,NULL,NULL,NULL,NULL,NULL,NULL,NULL,NULL,NULL),(636,NULL,NULL,NULL,NULL,NULL,NULL,NULL,NULL,NULL,NULL,'2030026388',358,483,NULL,NULL,NULL,NULL,NULL,NULL,NULL,NULL,NULL,NULL,NULL),(637,NULL,NULL,NULL,NULL,NULL,NULL,NULL,NULL,NULL,NULL,'2030026389',359,484,NULL,NULL,NULL,NULL,NULL,NULL,NULL,NULL,NULL,NULL,NULL),(638,NULL,NULL,NULL,NULL,NULL,NULL,NULL,NULL,NULL,NULL,'2030026390',360,485,NULL,NULL,NULL,NULL,NULL,NULL,NULL,NULL,NULL,NULL,NULL),(639,NULL,NULL,NULL,NULL,NULL,NULL,NULL,NULL,NULL,NULL,'2030026391',361,486,NULL,NULL,NULL,NULL,NULL,NULL,NULL,NULL,NULL,NULL,NULL),(640,NULL,NULL,NULL,NULL,NULL,NULL,NULL,NULL,NULL,NULL,'2030026392',362,487,NULL,NULL,NULL,NULL,NULL,NULL,NULL,NULL,NULL,NULL,NULL),(641,NULL,NULL,NULL,NULL,NULL,NULL,NULL,NULL,NULL,NULL,'2030026393',363,488,NULL,NULL,NULL,NULL,NULL,NULL,NULL,NULL,NULL,NULL,NULL),(642,NULL,NULL,NULL,NULL,NULL,NULL,NULL,NULL,NULL,NULL,'2030088834',NULL,489,NULL,NULL,NULL,NULL,NULL,NULL,NULL,NULL,NULL,NULL,NULL),(643,NULL,NULL,NULL,NULL,NULL,NULL,NULL,NULL,NULL,NULL,'2030090025',NULL,490,NULL,NULL,NULL,NULL,NULL,NULL,NULL,NULL,NULL,NULL,NULL),(644,NULL,NULL,NULL,NULL,NULL,NULL,NULL,NULL,NULL,NULL,'2030090215',NULL,491,NULL,NULL,NULL,NULL,NULL,NULL,NULL,NULL,NULL,NULL,NULL),(645,NULL,NULL,NULL,NULL,NULL,NULL,NULL,NULL,NULL,NULL,'2030096386',364,492,NULL,NULL,NULL,NULL,NULL,NULL,NULL,NULL,NULL,NULL,NULL);
/*!40000 ALTER TABLE `household` ENABLE KEYS */;
UNLOCK TABLES;

--
-- Table structure for table `smart_meter`
--

DROP TABLE IF EXISTS `smart_meter`;
/*!40101 SET @saved_cs_client     = @@character_set_client */;
/*!40101 SET character_set_client = utf8 */;
CREATE TABLE `smart_meter` (
  `oid` int(11) NOT NULL AUTO_INCREMENT,
  `smart_meter_id` varchar(255) DEFAULT NULL,
  `building_oid` int(11) DEFAULT NULL,
  PRIMARY KEY (`oid`),
  KEY `fk_smart_meter_building` (`building_oid`),
  CONSTRAINT `fk_smart_meter_building` FOREIGN KEY (`building_oid`) REFERENCES `building` (`oid`)
) ENGINE=InnoDB AUTO_INCREMENT=413 DEFAULT CHARSET=utf8;
/*!40101 SET character_set_client = @saved_cs_client */;

--
-- Dumping data for table `smart_meter`
--

LOCK TABLES `smart_meter` WRITE;
/*!40000 ALTER TABLE `smart_meter` DISABLE KEYS */;
INSERT INTO `smart_meter` VALUES (1,'CH_AQU_50991849',331),(2,'CH_AQU_50991866',298),(3,'CH_AQU_50991871',296),(4,'CH_AQU_50991883',178),(5,'CH_AQU_50991888',149),(6,'CH_AQU_50991890',40),(7,'CH_AQU_50991892',52),(8,'CH_AQU_50991893',314),(9,'CH_AQU_50991897',183),(10,'CH_AQU_50991913',332),(11,'CH_AQU_50991924',254),(12,'CH_AQU_50991933',344),(13,'CH_AQU_50991936',21),(14,'CH_AQU_50991938',326),(15,'CH_AQU_50991939',317),(16,'CH_AQU_50991948',257),(17,'CH_AQU_50991951',218),(18,'CH_AQU_50991954',240),(19,'CH_AQU_50991956',224),(20,'CH_AQU_50991958',206),(21,'CH_AQU_50991962',205),(22,'CH_AQU_50991964',408),(23,'CH_AQU_50991965',342),(24,'CH_AQU_50991966',288),(25,'CH_AQU_50991967',383),(26,'CH_AQU_50991968',282),(27,'CH_AQU_50992021',20),(28,'CH_AQU_50992022',280),(29,'CH_AQU_50992023',402),(30,'CH_AQU_50992024',283),(31,'CH_AQU_50992025',208),(32,'CH_AQU_50992027',308),(33,'CH_AQU_50992029',340),(34,'CH_AQU_50992031',318),(35,'CH_AQU_50992036',106),(36,'CH_AQU_50992038',66),(37,'CH_AQU_50992040',374),(38,'CH_AQU_50992041',285),(39,'CH_AQU_50992043',281),(40,'CH_AQU_50992045',17),(41,'CH_AQU_50992051',76),(42,'CH_AQU_50992052',336),(43,'CH_AQU_50992053',62),(44,'CH_AQU_50992054',338),(45,'CH_AQU_50992055',169),(46,'CH_AQU_50992056',310),(47,'CH_AQU_50992058',369),(48,'CH_AQU_50992059',255),(49,'CH_AQU_50992061',189),(50,'CH_AQU_50992912',58),(51,'CH_AQU_50992914',32),(52,'CH_GWF_11511136',NULL),(53,'CH_KAM_63649494',NULL),(54,'CH_AQU_50991969',387),(55,'CH_AQU_50991971',16),(56,'CH_AQU_50991972',284),(57,'CH_AQU_50991973',279),(58,'CH_AQU_50991975',306),(59,'CH_AQU_50991977',19),(60,'CH_AQU_50991978',229),(61,'CH_AQU_50991982',59),(62,'CH_AQU_50991983',75),(63,'CH_AQU_50991985',292),(64,'CH_AQU_50991987',63),(65,'CH_AQU_50991989',368),(66,'CH_AQU_50991994',390),(67,'CH_AQU_50991998',286),(68,'CH_AQU_50992001',213),(69,'CH_AQU_50992002',49),(70,'CH_AQU_50992004',371),(71,'CH_AQU_05045985',1),(72,'CH_AQU_50992008',377),(73,'CH_AQU_50992009',168),(74,'CH_AQU_50992011',104),(75,'CH_AQU_47858017',170),(76,'CH_AQU_50992013',46),(77,'CH_AQU_47858034',54),(78,'CH_AQU_47858040',177),(79,'CH_AQU_50992014',409),(80,'CH_AQU_47858044',297),(81,'CH_AQU_47858050',50),(82,'CH_AQU_47858058',329),(83,'CH_AQU_50992016',NULL),(84,'CH_AQU_47858059',179),(85,'CH_AQU_50992019',31),(86,'CH_AQU_48388727',NULL),(87,'CH_AQU_50992020',237),(88,'CH_AQU_50991762',172),(89,'CH_AQU_50991764',330),(90,'CH_AQU_50991773',NULL),(91,'CH_AQU_50991786',233),(92,'CH_AQU_50991793',218),(93,'CH_AQU_50991796',39),(94,'CH_AQU_50991798',207),(95,'CH_AQU_50991812',80),(96,'CH_AQU_50991816',176),(97,'CH_AQU_50991818',222),(98,'CH_AQU_50991824',328),(99,'CH_AQU_50991835',171),(100,'CH_AQU_50991837',223),(101,'CH_AQU_50991838',225),(102,'CH_AQU_50991846',243),(103,'CH_AQU_50991848',209),(104,'CH_AQU_50991872',242),(105,'CH_AQU_50991887',349),(106,'CH_AQU_47858021',NULL),(107,'CH_AQU_47858031',113),(108,'CH_AQU_47858038',295),(109,'CH_AQU_50991895',202),(110,'CH_AQU_50991974',191),(111,'CH_AQU_50991899',110),(112,'CH_AQU_50991910',77),(113,'CH_AQU_50991912',351),(114,'CH_AQU_50991914',88),(115,'CH_AQU_50991917',260),(116,'CH_AQU_50991920',231),(117,'CH_AQU_50991921',200),(118,'CH_AQU_50991923',258),(119,'CH_AQU_47858060',294),(120,'CH_AQU_47858066',NULL),(121,'CH_AQU_50991758',244),(122,'CH_AQU_50991926',252),(123,'CH_AQU_50991767',152),(124,'CH_AQU_50991774',321),(125,'CH_AQU_50991990',228),(126,'CH_AQU_50991992',398),(127,'CH_AQU_50991942',323),(128,'CH_AQU_50991795',348),(129,'CH_AQU_50991943',316),(130,'CH_AQU_50991947',182),(131,'CH_AQU_50991999',108),(132,'CH_AQU_50991799',126),(133,'CH_AQU_50991805',322),(134,'CH_AQU_50991809',96),(135,'CH_AQU_50991949',181),(136,'CH_AQU_50991950',304),(137,'CH_AQU_50992003',236),(138,'CH_AQU_50991952',227),(139,'CH_AQU_50992028',125),(140,'CH_AQU_50992005',98),(141,'CH_AQU_50991820',185),(142,'CH_AQU_50991821',411),(143,'CH_AQU_50992006',319),(144,'CH_AQU_50992030',251),(145,'CH_AQU_50991833',114),(146,'CH_AQU_50991963',173),(147,'CH_AQU_50992010',400),(148,'CH_AQU_50991844',249),(149,'CH_AQU_50992012',341),(150,'CH_AQU_50991861',67),(151,'CH_AQU_50992060',24),(152,'CH_AQU_50992906',246),(153,'CH_AQU_50992908',116),(154,'CH_AQU_50992911',313),(155,'CH_AQU_50991761',352),(156,'CH_AQU_51080360',15),(157,'CH_AQU_50991863',86),(158,'CH_AQU_50991961',94),(159,'CH_AQU_47858065',320),(160,'CH_AQU_50991766',312),(161,'CH_AQU_50991986',95),(162,'CH_AQU_50992033',376),(163,'CH_AQU_50992034',301),(164,'CH_AQU_50992042',85),(165,'CH_AQU_50992049',215),(166,'CH_AQU_50992062',230),(167,'CH_AQU_50992913',90),(168,'CH_AQU_51226896',61),(169,'CH_AQU_50991946',364),(170,'CH_AQU_50991955',191),(171,'CH_AQU_50991960',358),(172,'CH_AQU_50991976',214),(173,'CH_AQU_50991979',303),(174,'CH_AQU_50991988',201),(175,'CH_AQU_50991991',391),(176,'CH_AQU_47858029',404),(177,'CH_AQU_50991997',109),(178,'CH_AQU_47858032',385),(179,'CH_AQU_47858047',302),(180,'CH_AQU_47858052',121),(181,'CH_AQU_47858054',238),(182,'CH_AQU_47858056',378),(183,'CH_AQU_47858062',NULL),(184,'CH_AQU_47858063',121),(185,'CH_AQU_50991769',23),(186,'CH_AQU_50991772',327),(187,'CH_AQU_50991775',99),(188,'CH_AQU_50991778',361),(189,'CH_AQU_50991787',234),(190,'CH_AQU_50991788',191),(191,'CH_AQU_50991790',194),(192,'CH_AQU_50991800',NULL),(193,'CH_AQU_50991815',70),(194,'CH_AQU_50991843',138),(195,'CH_AQU_50991859',22),(196,'CH_AQU_50991860',219),(197,'CH_AQU_50991869',47),(198,'CH_AQU_50991891',335),(199,'CH_AQU_50991902',142),(200,'CH_AQU_50991916',334),(201,'CH_AQU_50991919',42),(202,'CH_AQU_50991928',NULL),(203,'CH_AQU_50991934',102),(204,'CH_AQU_50991937',38),(205,'CH_AQU_50991941',NULL),(206,'CH_AQU_50991945',186),(207,'CH_AQU_50991760',150),(208,'CH_AQU_50991825',262),(209,'CH_AQU_50991827',253),(210,'CH_AQU_50991771',275),(211,'CH_AQU_50991777',155),(212,'CH_AQU_50991791',287),(213,'CH_AQU_50991802',NULL),(214,'CH_AQU_50991807',NULL),(215,'CH_AQU_50991840',275),(216,'CH_AQU_50991868',305),(217,'CH_AQU_50991882',144),(218,'CH_AQU_50991885',184),(219,'CH_AQU_50991944',273),(220,'CH_AQU_50992015',290),(221,'CH_AQU_47858043',278),(222,'CH_AQU_50992047',289),(223,'CH_AQU_51226892',37),(224,'CH_AQU_51226893',NULL),(225,'CH_AQU_50991894',14),(226,'CH_AQU_50992909',366),(227,'CH_AQU_50991832',132),(228,'CH_AQU_51080363',157),(229,'CH_AQU_50991836',160),(230,'CH_AQU_50991765',153),(231,'CH_AQU_50992046',147),(232,'CH_AQU_50991996',146),(233,'CH_AQU_50991995',148),(234,'CH_AQU_50991935',199),(235,'CH_AQU_20991800',203),(236,'CH_AQU_50991925',373),(237,'CH_AQU_50991823',211),(238,'CH_AQU_50991770',375),(239,'CH_AQU_47858037',217),(240,'CH_AQU_47858041',221),(241,'CH_AQU_50991763',372),(242,'CH_AQU_50991817',123),(243,'CH_AQU_50991813',105),(244,'CH_AQU_50991792',122),(245,'CH_AQU_50991842',392),(246,'CH_AQU_50991993',389),(247,'CH_AQU_50992037',389),(248,'CH_AQU_50991803',388),(249,'CH_AQU_50991845',232),(250,'CH_AQU_50992048',386),(251,'CH_AQU_47858046',350),(252,'CH_AQU_50991862',241),(253,'CH_AQU_50991922',119),(254,'CH_AQU_50991908',270),(255,'CH_AQU_47858064',180),(256,'CH_AQU_47858033',174),(257,'CH_AQU_50991814',333),(258,'CH_AQU_50991865',277),(259,'CH_AQU_50991858',274),(260,'CH_AQU_50991940',272),(261,'CH_AQU_47585026',357),(262,'CH_AQU_47858023',380),(263,'CH_AQU_50991915',381),(264,'CH_AQU_50991867',379),(265,'CH_AQU_47858042',264),(266,'CH_AQU_47858025',263),(267,'CH_AQU_47858036',263),(268,'CH_AQU_50991768',261),(269,'CH_AQU_47858048',256),(270,'CH_AQU_50991874',268),(271,'CH_AQU_50991884',382),(272,'CH_AQU_50991753',356),(273,'CH_AQU_50991911',355),(274,'CH_AQU_50991834',250),(275,'CH_AQU_50991811',248),(276,'CH_AQU_50991953',79),(277,'CH_AQU_50991896',204),(278,'CH_AQU_50992000',212),(279,'CH_AQU_50992057',187),(280,'CH_AQU_50991889',343),(281,'CH_AQU_50992018',345),(282,'CH_AQU_50991822',143),(283,'CH_AQU_47858030',93),(284,'CH_AQU_47858027',91),(285,'CH_AQU_47858024',89),(286,'CH_AQU_47858035',87),(287,'CH_AQU_50992017',339),(288,'CH_AQU_47858039',92),(289,'CH_AQU_50991857',55),(290,'CH_AQU_50991841',53),(291,'CH_AQU_47858053',51),(292,'CH_AQU_50992039',68),(293,'CH_AQU_47858022',395),(294,'CH_AQU_47858061',394),(295,'CH_AQU_47858019',393),(296,'CH_AQU_47858057',64),(297,'CH_AQU_47858028',65),(298,'CH_AQU_47858049',397),(299,'CH_AQU_47858045',404),(300,'CH_AQU_47858051',401),(301,'CH_AQU_50992044',406),(302,'CH_AQU_50992035',407),(303,'CH_AQU_47858020',410),(304,'CH_AQU_50991855',396),(305,'CH_AQU_50991957',57),(306,'CH_AQU_50992032',190),(307,'CH_AQU_50991819',190),(308,'CH_AQU_50991789',190),(309,'CH_AQU_50991873',48),(310,'CH_AQU_50991918',44),(311,'CH_AQU_50992007',45),(312,'CH_AQU_50991839',43),(313,'CH_AQU_50991864',41),(314,'CH_AQU_50991984',69),(315,'CH_AQU_50992907',337),(316,'CH_AQU_50991828',196),(317,'CH_AQU_50991932',NULL),(318,'CH_AQU_50991830',141),(319,'CH_AQU_50991854',NULL),(320,'CH_AQU_50991881',166),(321,'CH_AQU_50991904',404),(322,'CH_AQU_47858055',140),(323,'CH_AQU_50991750',112),(324,'CH_AQU_50991757',111),(325,'CH_AQU_50991851',NULL),(326,'CH_AQU_50991856',NULL),(327,'CH_AQU_50991876',NULL),(328,'CH_AQU_50991906',NULL),(329,'CH_AQU_50991781',NULL),(330,'CH_AQU_50991801',NULL),(331,'CH_AQU_50991901',120),(332,'CH_AQU_50991804',NULL),(333,'CH_AQU_50991959',NULL),(334,'CH_AQU_50991981',NULL),(335,'CH_AQU_50991829',NULL),(336,'CH_AQU_50991751',NULL),(337,'CH_AQU_50991806',NULL),(338,'CH_AQU_47858026',NULL),(339,'CH_AQU_50991980',NULL),(340,'CH_AQU_50991900',NULL),(341,'CH_AQU_50092863',NULL),(342,'CH_AQU_50092868',NULL),(343,'CH_AQU_50991831',135),(344,'CH_AQU_51226891',362),(345,'CH_AQU_51815964',412),(346,'CH_AQU_51815977',413),(347,'CH_AQU_50911751',436),(348,'CH_AQU_51815965',436),(349,'CH_AQU_51815974',447),(350,'CH_AQU_50991776',449),(351,'CH_AQU_51815962',450),(352,'CH_AQU_51815967',467),(353,'CH_AQU_51815973',468),(354,'CH_AQU_51815979',469),(355,'CH_AQU_51815969',470),(356,'CH_AQU_51815968',481),(357,'CH_AQU_51815975',482),(358,'CH_AQU_51815978',483),(359,'CH_AQU_51815971',484),(360,'CH_AQU_51915976',485),(361,'CH_AQU_51815981',486),(362,'CH_AQU_51815972',487),(363,'CH_AQU_51815963',488),(364,'CH_AQU_51815980',492),(365,'CH_AQU_50991031',318),(366,'CH_AQU_50092863',NULL),(367,'CH_AQU_50092868',NULL),(368,'CH_AQU_50991903',NULL),(369,'CH_AQU_50992905',NULL),(370,'CH_AQU_50991905',NULL),(371,'CH_AQU_50991880',NULL),(372,'CH_AQU_50991779',NULL),(373,'CH_AQU_50991794',NULL),(374,'CH_AQU_50991879',NULL),(375,'CH_AQU_50991826',NULL),(376,'CH_AQU_50991752',NULL),(377,'CH_AQU_50991875',NULL),(378,'CH_AQU_50991782',NULL),(379,'CH_GWF_11514920',NULL),(380,'CH_GWF_11514902',NULL),(381,'CH_GWF_11514928',NULL),(382,'CH_GWF_11514905',NULL),(383,'CH_GWF_11796916',NULL),(384,'CH_GWF_11796915',NULL),(385,'CH_GWF_11514927',NULL),(386,'CH_GWF_11514901',NULL),(387,'CH_GWF_11514917',NULL),(388,'CH_GWF_11514913',NULL),(389,'CH_GWF_11514910',NULL),(390,'CH_GWF_11514908',NULL),(391,'CH_GWF_11514925',NULL),(392,'CH_GWF_11514926',NULL),(393,'CH_AQU_51243949',NULL),(394,'CH_AQU_53276686',NULL),(395,'CH_AQU_51243946',NULL),(396,'CH_AQU_51243944',NULL),(397,'CH_AQU_51243948',NULL),(398,'CH_AQU_51243947',NULL),(399,'CH_AQU_51243943',NULL),(400,'CH_AQU_51679220',NULL),(401,'CH_AQU_53276688',NULL),(402,'CH_AQU_51679221',NULL),(403,'CH_GWF_11514911',NULL),(404,'CH_GWF_11514923',NULL),(405,'CH_GWF_11514924',NULL),(406,'CH_GWF_11514906',NULL),(407,'CH_GWF_11514900',NULL),(408,'CH_GWF_11514907',NULL),(409,'CH_GWF_11514918',NULL),(410,'CH_AQU_51815966',NULL),(411,'CH_GWF_11514915',NULL),(412,'CH_GWF_11514904',NULL);
/*!40000 ALTER TABLE `smart_meter` ENABLE KEYS */;
UNLOCK TABLES;

--
-- Final view structure for view `building_smart_meter`
--

/*!50001 DROP VIEW IF EXISTS `building_smart_meter`*/;
/*!50001 SET @saved_cs_client          = @@character_set_client */;
/*!50001 SET @saved_cs_results         = @@character_set_results */;
/*!50001 SET @saved_col_connection     = @@collation_connection */;
/*!50001 SET character_set_client      = utf8 */;
/*!50001 SET character_set_results     = utf8 */;
/*!50001 SET collation_connection      = utf8_general_ci */;
/*!50001 CREATE ALGORITHM=UNDEFINED */
/*!50013 DEFINER=`root`@`localhost` SQL SECURITY DEFINER */
/*!50001 VIEW `building_smart_meter` AS select `sm`.`smart_meter_id` AS `smart_meter_id`,`b`.`district_oid` AS `district_oid` from (`building` `b` join `smart_meter` `sm` on((`b`.`oid` = `sm`.`building_oid`))) */;
/*!50001 SET character_set_client      = @saved_cs_client */;
/*!50001 SET character_set_results     = @saved_cs_results */;
/*!50001 SET collation_connection      = @saved_col_connection */;
/*!40103 SET TIME_ZONE=@OLD_TIME_ZONE */;

/*!40101 SET SQL_MODE=@OLD_SQL_MODE */;
/*!40014 SET FOREIGN_KEY_CHECKS=@OLD_FOREIGN_KEY_CHECKS */;
/*!40014 SET UNIQUE_CHECKS=@OLD_UNIQUE_CHECKS */;
/*!40101 SET CHARACTER_SET_CLIENT=@OLD_CHARACTER_SET_CLIENT */;
/*!40101 SET CHARACTER_SET_RESULTS=@OLD_CHARACTER_SET_RESULTS */;
/*!40101 SET COLLATION_CONNECTION=@OLD_COLLATION_CONNECTION */;
/*!40111 SET SQL_NOTES=@OLD_SQL_NOTES */;

-- Dump completed on 2018-06-08 22:31:02
